schema	7	-	-	-	-	-
contract	operational_config_seal	history-safety	release-safety	implementation-proved	BridgeSpec.ClaimContracts.OperationalConfigSeal	BridgeSpec.ClaimContracts.operational_config_seal_witness
contract	committed_quote	history-safety	release-safety	implementation-proved	BridgeSpec.ClaimContracts.CommittedQuote	BridgeSpec.ClaimContracts.committed_quote_witness
contract	settlement_backing	history-safety	release-safety	production-linked	BridgeSpec.ClaimContracts.SettlementBacking	BridgeSpec.ClaimContracts.settlement_backing_witness
contract	payment_identity	history-safety	release-safety	production-linked	BridgeSpec.ClaimContracts.PaymentIdentity	BridgeSpec.ClaimContracts.payment_identity_witness
contract	deposit_admission	history-safety	release-safety	production-linked	BridgeSpec.ClaimContracts.DepositAdmission	BridgeSpec.ClaimContracts.deposit_admission_witness
contract	deposit_identity_preflight	history-safety	release-safety	implementation-proved	BridgeSpec.ClaimContracts.DepositIdentityPreflight	BridgeSpec.ClaimContracts.deposit_identity_preflight_witness
contract	reservation_commit	history-safety	release-safety	implementation-proved	BridgeSpec.ClaimContracts.ReservationCommit	BridgeSpec.ClaimContracts.reservation_commit_witness
contract	service_fee_maximum	history-safety	release-safety	implementation-proved	BridgeSpec.ClaimContracts.ServiceFeeMaximum	BridgeSpec.ClaimContracts.service_fee_maximum_witness
contract	activation_preflight	history-safety	release-safety	implementation-proved	BridgeSpec.ClaimContracts.ActivationPreflight	BridgeSpec.ClaimContracts.activation_preflight_witness
contract	governance_nonce_chain_binding	history-safety	release-safety	production-linked	BridgeSpec.ClaimContracts.GovernanceNonceChainBinding	BridgeSpec.ClaimContracts.governance_nonce_chain_binding_witness
contract	governance_confirmation_authorization	history-safety	release-safety	implementation-proved	BridgeSpec.ClaimContracts.GovernanceConfirmationAuthorization	BridgeSpec.ClaimContracts.governance_confirmation_authorization_witness
contract	governance_transaction_affordability	history-safety	release-safety	implementation-proved	BridgeSpec.ClaimContracts.GovernanceTransactionAffordability	BridgeSpec.ClaimContracts.governance_transaction_affordability_witness
contract	signing_cycle_reserve	history-safety	release-safety	implementation-proved	BridgeSpec.ClaimContracts.SigningCycleReserve	BridgeSpec.ClaimContracts.signing_cycle_reserve_witness
contract	fee_recipient_rotation	history-safety	release-safety	implementation-proved	BridgeSpec.ClaimContracts.FeeRecipientRotation	BridgeSpec.ClaimContracts.fee_recipient_rotation_witness
contract	fee_payout	history-safety	release-safety	production-linked	BridgeSpec.ClaimContracts.FeePayout	BridgeSpec.ClaimContracts.fee_payout_witness
contract	hold_resolution	history-safety	release-safety	production-linked	BridgeSpec.ClaimContracts.HoldResolution	BridgeSpec.ClaimContracts.hold_resolution_witness
contract	lease_outcome	history-safety	release-safety	production-linked	BridgeSpec.ClaimContracts.LeaseOutcome	BridgeSpec.ClaimContracts.lease_outcome_witness
contract	notification_quota_isolation	history-safety	release-safety	implementation-proved	BridgeSpec.ClaimContracts.NotificationQuotaIsolation	BridgeSpec.ClaimContracts.notification_quota_isolation_witness
contract	lease_lane_isolation	history-safety	release-safety	implementation-proved	BridgeSpec.ClaimContracts.LeaseLaneIsolation	BridgeSpec.ClaimContracts.lease_lane_isolation_witness
contract	funding_attempt_lifecycle	history-safety	release-safety	implementation-proved	BridgeSpec.ClaimContracts.FundingAttemptLifecycle	BridgeSpec.ClaimContracts.funding_attempt_lifecycle_witness
contract	funding_reconciliation_freshness	history-safety	release-safety	implementation-proved	BridgeSpec.ClaimContracts.FundingReconciliationFreshness	BridgeSpec.ClaimContracts.funding_reconciliation_freshness_witness
contract	withdrawal_finalization	history-safety	release-safety	production-linked	BridgeSpec.ClaimContracts.WithdrawalFinalization	BridgeSpec.ClaimContracts.withdrawal_finalization_witness
contract	withdrawal_admission_boundary	history-safety	release-safety	implementation-proved	BridgeSpec.ClaimContracts.WithdrawalAdmissionBoundary	BridgeSpec.ClaimContracts.withdrawal_admission_boundary_witness
protocol	withdrawal_admission_boundary	withdrawal_admission_boundary_claim	-	-	withdrawal_admission_boundary_requires_well_formed_nonzero_ge_minimum	-	-	verus:withdrawal_admission_boundary_requires_well_formed_nonzero_ge_minimum	canister/bridge-core/src/kernel.rs#withdrawal_id_is_admissible;canister/bridge-canister/src/api.rs#notify_withdrawal;tools/bridge-profile/src/main.rs#minimum_withdrawal_id;ui/src/lib/ic/withdrawal-notification-client.ts#unwrapNotifyWithdrawalResult;ui/src/lib/withdrawal-history.ts#notifyHistoryWithdrawal;ui/src/features/bridge/settlement-confirmation-coordinator.tsx#notificationFailure	evm_canonicality;runtime_toolchain	-
contract	pending_queue	history-safety	release-safety	production-linked	BridgeSpec.ClaimContracts.PendingQueue	BridgeSpec.ClaimContracts.pending_queue_witness
contract	canonical_probe	history-safety	release-safety	implementation-proved	BridgeSpec.ClaimContracts.CanonicalProbe	BridgeSpec.ClaimContracts.canonical_probe_witness
contract	withdrawal_finality_quorum	history-safety	release-safety	production-linked	BridgeSpec.ClaimContracts.WithdrawalFinalityQuorum	BridgeSpec.ClaimContracts.withdrawal_finality_quorum_witness
contract	runtime_attestation_reuse	history-safety	release-safety	implementation-proved	BridgeSpec.ClaimContracts.RuntimeAttestationReuse	BridgeSpec.ClaimContracts.runtime_attestation_reuse_witness
contract	authorization_binding	history-safety	release-safety	production-linked	BridgeSpec.ClaimContracts.AuthorizationBinding	BridgeSpec.ClaimContracts.authorization_binding_witness
contract	expiry_refund	history-safety	release-safety	production-linked	BridgeSpec.ClaimContracts.ExpiryRefund	BridgeSpec.ClaimContracts.expiry_refund_witness
contract	exact_mint_finalization	history-safety	release-safety	production-linked	BridgeSpec.ClaimContracts.ExactMintFinalization	BridgeSpec.ClaimContracts.exact_mint_finalization_witness
contract	epoch_invalidation	history-safety	release-safety	production-linked	BridgeSpec.ClaimContracts.EpochInvalidation	BridgeSpec.ClaimContracts.epoch_invalidation_witness
contract	ledger_block_provenance	history-safety	release-safety	implementation-proved	BridgeSpec.ClaimContracts.LedgerBlockProvenance	BridgeSpec.ClaimContracts.ledger_block_provenance_witness
contract	reservation_lifecycle	history-safety	release-safety	production-linked	BridgeSpec.ClaimContracts.ReservationLifecycle	BridgeSpec.ClaimContracts.reservation_lifecycle_witness
contract	fee_accounting_once	history-safety	release-safety	production-linked	BridgeSpec.ClaimContracts.FeeAccountingOnce	BridgeSpec.ClaimContracts.fee_accounting_once_witness
contract	deposit_backing	history-safety	release-safety	production-linked	BridgeSpec.ClaimContracts.DepositBacking	BridgeSpec.ClaimContracts.deposit_backing_witness
contract	refund_evidence_enforcement	history-safety	release-safety	production-linked	BridgeSpec.ClaimContracts.RefundEvidenceEnforcement	BridgeSpec.ClaimContracts.refund_evidence_enforcement_witness
contract	refund_request_authorization	history-safety	release-safety	implementation-proved	BridgeSpec.ClaimContracts.RefundRequestAuthorization	BridgeSpec.ClaimContracts.refund_request_authorization_witness
contract	nonterminal_deposit_index_consistency	history-safety	release-safety	implementation-proved	BridgeSpec.ClaimContracts.NonterminalDepositIndexConsistency	BridgeSpec.ClaimContracts.nonterminal_deposit_index_consistency_witness
protocol	committed_quote	committed_quote_claim	committed_quote_model_refinement	committed_quote_is_immutable_across_trace	committed_quote_fixes_amount_out;conflicting_payload_is_rejected	-	-	verus:committed_quote_fixes_amount_out;verus:conflicting_payload_is_rejected	canister/bridge-core/src/kernel.rs#committed_quote_matches	evm_canonicality;runtime_toolchain	quote_cases
protocol	settlement_backing	settlement_backing_claim	settlement_backing_model_refinement	step_preserves_backing;runs_preserve_backing	outbound_settlement_uses_the_committed_fee_once;settlement_decision_returns_exact_checked_delta;withdrawal_transition_effects_cover_release_and_hold_resolutions	-	-	verus:withdrawal_transition_effects_cover_release_and_hold_resolutions	canister/bridge-core/src/kernel.rs#settlement_decision;canister/bridge-core/src/kernel.rs#withdrawal_transition_effects;canister/bridge-core/src/reconciliation.rs#resolve_withdrawal_hold	external_asset_state;sqlite_atomicity;runtime_toolchain	settlement_cases
protocol	ledger_block_provenance	ledger_block_provenance_claim	-	runs_preserve_installed_funding;runs_preserve_installed_refund;runs_preserve_installed_release	deposit_ledger_block_transition_preserves_and_rejects_conflict;withdrawal_ledger_block_transition_preserves_and_rejects_conflict	-	-	verus:deposit_ledger_block_transition_preserves_and_rejects_conflict;verus:withdrawal_ledger_block_transition_preserves_and_rejects_conflict	canister/bridge-core/src/kernel.rs#deposit_ledger_block_transition;canister/bridge-core/src/kernel.rs#withdrawal_ledger_block_transition;canister/bridge-core/src/deposit.rs#apply;canister/bridge-core/src/withdrawal.rs#apply;canister/bridge-core/src/reconciliation.rs#resolve_deposit_hold;canister/bridge-core/src/reconciliation.rs#resolve_withdrawal_hold	icrc_history;sqlite_atomicity;runtime_toolchain	ledger_block_provenance_cases
protocol	payment_identity	payment_claim	payment_model_refinement	raw_step_preserves_safe;step_preserves_safe;runs_preserve_safe;paid_is_terminal_across_step;conditional_committed_withdrawal_reaches_paid	release_transfer_requires_exact_amount_and_fee;withdrawal_terminal_phase_step_is_absorbing;withdrawal_terminal_phase_absorbs_any_sequence;withdrawal_phase_allowance_matches_a_transition;withdrawal_liability_index_matches_nonterminal_phases	-	-	verus:release_transfer_requires_exact_amount_and_fee;verus:withdrawal_liability_index_matches_nonterminal_phases	canister/bridge-core/src/kernel.rs#release_transfer_matches;ui/src/lib/ic/wallet.ts#prepare;ui/src/features/bridge/bridge-page.tsx#runWithdrawalPreflight;ui/src/lib/withdrawal-history.ts#decodeWithdrawalDestination;ui/src/lib/withdrawal-history.ts#notifyHistoryWithdrawal;ui/src/routes/history.tsx#HistoryPage;ui/src/lib/withdrawal-submit.ts#createWithdrawalAfterRevalidation;ui/src/lib/withdrawal-submit.ts#waitForWithdrawalApproval;ui/src/lib/transfer-error.ts#transferErrorMessage;ui/src/lib/transfer-error.ts#transferAttentionTitle	evm_canonicality;icrc_history;sqlite_atomicity;runtime_toolchain;ui_wallet_account_authenticity	payment_cases
protocol	deposit_admission	deposit_admission_claim	deposit_admission_model_refinement	accepted_window_deposit_is_positive_bounded_and_reserved;terminal_step_is_rejected;terminal_trace_is_absorbing	mint_admission_counts_consumed_reserved_and_candidate;deposit_admission_decision_checks_every_bound;deposit_refund_deducts_charged_fee_and_ledger_fee;deposit_transition_decision_applies_verified_effects	deposit_net_amount;mint_window_consumption;u128_envelope;window_boundary	mint_commit_state	verus:deposit_admission_decision_checks_every_bound;verus:deposit_refund_deducts_charged_fee_and_ledger_fee;verus:deposit_transition_decision_applies_verified_effects	canister/bridge-core/src/kernel.rs#deposit_admission_decision;canister/bridge-core/src/kernel.rs#deposit_transition_decision;ui/src/features/bridge/bridge-page.tsx#validatedDepositWriteGate	evm_atomicity;evm_canonicality;sqlite_atomicity;runtime_toolchain	deposit_admission_cases
protocol	deposit_identity_preflight	deposit_identity_preflight_claim	deposit_identity_preflight_model_refinement	reachable_preflight_is_fresh	deposit_identity_decision_is_fail_closed	-	-	verus:deposit_identity_decision_is_fail_closed	canister/bridge-core/src/kernel.rs#deposit_identity_decision;canister/bridge-canister/src/api.rs#fresh_deposit_preflight;canister/bridge-canister/src/api.rs#runtime_attested;canister/bridge-canister/src/evm_rpc.rs#deposit_preflight_observation;canister/bridge-canister/src/lib.rs#apply_staging_rpc_provider_update	bridge_runtime_immutability;cryptographic_authenticity;deployment_instance_uniqueness;evm_canonicality;rpc_provider_chain_configuration;runtime_toolchain;sqlite_atomicity;ui_rpc_chain_readiness	deposit_identity_cases
protocol	reservation_commit	reservation_claim	reservation_model_refinement	reservation_requirement_is_preserved_across_trace	reserve_candidate_becomes_reservation_without_reducing_requirement;reservation_decision_preserves_candidate_requirement;reserve_overflow_is_rejected	-	-	verus:reservation_decision_preserves_candidate_requirement;verus:reserve_overflow_is_rejected	canister/bridge-core/src/kernel.rs#reservation_decision	sqlite_atomicity;runtime_toolchain	reservation_cases
protocol	service_fee_maximum	service_fee_claim	service_fee_model_refinement	service_fee_bound_is_preserved_across_trace	service_fee_change_respects_immutable_range;deposit_terminal_phase_rejects_every_event	service_fee_bound	-	verus:service_fee_change_respects_immutable_range;verus:deposit_terminal_phase_rejects_every_event	canister/bridge-core/src/kernel.rs#service_fee_change_allowed;canister/bridge-canister/src/base_governance.rs#prepare	bridge_runtime_immutability;evm_canonicality;rpc_provider_chain_configuration;sqlite_atomicity;runtime_toolchain	service_fee_cases
protocol	activation_preflight	unpaused_activation_is_validated	-	reachable_is_safe	activation_preflight_requires_signer_and_expected_pause_state;activation_postcondition_requires_unpaused_state	-	-	verus:activation_preflight_requires_signer_and_expected_pause_state;verus:activation_postcondition_requires_unpaused_state	canister/bridge-canister/src/base_governance.rs#activation_base_preflight_matches;canister/bridge-canister/src/base_governance.rs#activation_postcondition_matches;canister/bridge-canister/src/base_governance.rs#activation_preflight;canister/bridge-canister/src/base_governance.rs#refresh_activation_attestation;canister/bridge-canister/src/base_governance.rs#activation_salt;canister/bridge-canister/src/base_governance.rs#confirm;canister/bridge-canister/src/storage/mod.rs#refresh_activation_attestation;canister/bridge-canister/src/storage/mod.rs#complete_confirmed_activation_and_resume_if_clear;canister/bridge-canister/src/api.rs#runtime_attested;canister/bridge-canister/src/lib.rs#apply_staging_rpc_provider_update;canister/bridge-canister/src/lib.rs#get_runtime_binding;tools/bridge-profile/src/main.rs#expected_operational_config_sha256;tools/bridge-profile/src/main.rs#validate_live_runtime_binding;scripts/plan007/sepolia_e2e.py#validate_live_acceptance;scripts/plan007/sepolia_e2e.py#validate_reactivation_receipts;scripts/base-sepolia-experiment/experiment.sh#verify_scheduled_operation_binding;tools/bridge-profile/src/main.rs#validate_production_ui_upgrade_extension;tools/bridge-profile/src/main.rs#production_ui_runtime_profile;tools/bridge-profile/src/main.rs#validate_production_ui_runtime_profile;tools/bridge-profile/src/main.rs#verify_production_ui_live;tools/bridge-profile/src/main.rs#production_upgrade_schema_predecessor_bound;ui/src/config/deploy-safety.ts#assertProductionUiProfile;canister/bridge-canister/src/evm_rpc.rs#finalized_observation;canister/bridge-canister/src/evm_rpc.rs#finalized_block;tools/bridge-profile/src/main.rs#operational_config_binding;tools/bridge-profile/src/main.rs#operational_epoch_digest;tools/bridge-profile/src/main.rs#operational_config_digest;tools/bridge-profile/src/main.rs#production_upgrade_ttl_migration_matches;tools/bridge-profile/src/production_checkpoint.rs#preserved_digest;tools/bridge-profile/src/main.rs#validate_operational_epoch_snapshot;tools/bridge-profile/src/main.rs#validate_upgrade_operational_evidence;tools/bridge-profile/src/main.rs#production_upgrade_predecessor_with_epoch_evidence;tools/bridge-profile/src/main.rs#production_installer_query	bridge_runtime_immutability;evm_canonicality;external_asset_state;rpc_provider_chain_configuration;runtime_toolchain;sqlite_atomicity	-
protocol	operational_config_seal	operational_config_seal_witness	-	-	asset_operations_require_sealed_operational_config;operational_config_seal_allows_only_pending_valid_candidate	-	-	verus:asset_operations_require_sealed_operational_config;verus:operational_config_seal_allows_only_pending_valid_candidate	canister/bridge-core/src/kernel.rs#asset_operation_lifecycle_decision;canister/bridge-core/src/kernel.rs#operational_config_seal_decision;canister/bridge-canister/src/config.rs#validate_seal_candidate;canister/bridge-canister/src/base_governance.rs#seal_operational_config;canister/bridge-canister/src/base_governance.rs#require_operational_config_sealed;canister/bridge-canister/src/base_governance.rs#prepare;canister/bridge-canister/src/base_governance.rs#prepare_replacement;canister/bridge-canister/src/base_governance.rs#confirm;canister/bridge-canister/src/base_governance.rs#prepare_next_emergency;canister/bridge-canister/src/base_governance.rs#refresh_activation_attestation;canister/bridge-canister/src/lib.rs#current_asset_operation_lifecycle_decision;canister/bridge-canister/src/lib.rs#request_deposit;canister/bridge-canister/src/lib.rs#request_deposit_refund;canister/bridge-canister/src/lib.rs#notify_withdrawal;canister/bridge-canister/src/lib.rs#continue_deposit;canister/bridge-canister/src/lib.rs#continue_withdrawal;canister/bridge-canister/src/lib.rs#request_fee_payout;canister/bridge-canister/src/lib.rs#continue_fee_payout;canister/bridge-canister/src/lib.rs#icrc21_canister_call_consent_message;canister/bridge-canister/src/lib.rs#refresh_activation_attestation;canister/bridge-canister/src/lib.rs#confirm_base_governance_transaction;canister/bridge-canister/src/scheduler.rs#arm_funding_recovery;canister/bridge-canister/src/scheduler.rs#recover_one_funding_attempt;canister/bridge-canister/src/scheduler.rs#arm;canister/bridge-canister/src/scheduler.rs#dispatch_due;canister/bridge-canister/src/scheduler.rs#run_claimed;canister/bridge-canister/src/scheduler.rs#run_claimed_fee_payout;canister/bridge-canister/src/storage/mod.rs#seal_operational_config;canister/bridge-canister/src/storage/mod.rs#activation_attestation_matches_finalized	runtime_toolchain;sqlite_atomicity	-
protocol	governance_nonce_chain_binding	governance_nonce_binds_configured_chain	-	reachable_is_safe;governance_pending_does_not_block_emergency_lanes;control_plane_rotation_commits_only_after_finalized_match	-	-	-	-	canister/bridge-canister/src/base_governance.rs#prepare;canister/bridge-canister/src/base_governance.rs#confirm;canister/bridge-canister/src/evm_rpc.rs#transaction_count;canister/bridge-canister/src/storage/mod.rs#prepare_governance_transaction;contracts/src/BridgeTimelockController.sol#rotateOperationalMembers	rpc_provider_chain_configuration;runtime_toolchain;evm_canonicality;sqlite_atomicity	-
protocol	governance_confirmation_authorization	governance_confirmation_authorization_claim	-	-	confirmation_caller_authorization_matches_current_roles;confirmation_role_separation_matches_deployment_policy	-	-	verus:confirmation_caller_authorization_matches_current_roles;verus:confirmation_role_separation_matches_deployment_policy	canister/bridge-core/src/kernel.rs#confirmation_caller_authorized;canister/bridge-core/src/kernel.rs#confirmation_roles_distinct;canister/bridge-canister/src/base_governance.rs#confirmation_caller_authorized;canister/bridge-canister/src/base_governance.rs#require_confirmation_caller;canister/bridge-canister/src/base_governance.rs#confirm;canister/bridge-canister/src/config.rs#validate;canister/bridge-canister/src/lib.rs#confirm_base_governance_transaction	runtime_toolchain;ic_message_caller_authenticity	-
protocol	governance_transaction_affordability	governance_transaction_affordability_claim	-	-	governance_transaction_liability_is_checked	-	-	verus:governance_transaction_liability_is_checked	canister/bridge-core/src/kernel.rs#transaction_liability_wei;canister/bridge-canister/src/base_governance.rs#require_affordable	evm_balance_observation;evm_canonicality;rpc_provider_chain_configuration;runtime_toolchain	-
protocol	signing_cycle_reserve	signing_cycle_reserve_claim	-	-	signing_cycle_requirement_preserves_reserve	-	-	verus:signing_cycle_requirement_preserves_reserve	canister/bridge-core/src/kernel.rs#signing_cycle_requirement;canister/bridge-canister/src/signer.rs#threshold_signature;canister/bridge-canister/src/lib.rs#consent_cycle_budget	chain_key_cycle_charging;runtime_toolchain	-
protocol	fee_recipient_rotation	fee_rotation_claim	fee_rotation_model_refinement	accepted_rotation_checks_authority_input_and_preserves_accounting	fee_recipient_rotation_decision_is_fail_closed;role_action_matrix	-	-	verus:fee_recipient_rotation_decision_is_fail_closed;verus:role_action_matrix	canister/bridge-core/src/kernel.rs#fee_recipient_rotation_decision	sqlite_atomicity;runtime_toolchain	fee_rotation_cases
protocol	fee_payout	fee_payout_claim	fee_payout_model_refinement	payout_preserves_backing_and_reserve_bound	payout_includes_fee_and_cannot_exceed_reserve;payout_debit_matches_fee_and_confirmation;payout_decision_returns_the_only_allowed_debit	-	-	verus:payout_decision_returns_the_only_allowed_debit	canister/bridge-core/src/kernel.rs#payout_decision	icrc_history;sqlite_atomicity;runtime_toolchain	fee_payout_cases
protocol	hold_resolution	hold_claim	hold_model_refinement	accepted_absence_is_complete	hold_resolution_decision_classifies_evidence;incomplete_scan_cannot_prove_absence;hold_resolution_requires_every_binding;reconciliation_hold_index_matches_open_phase	-	-	verus:hold_resolution_decision_classifies_evidence;verus:incomplete_scan_cannot_prove_absence;verus:reconciliation_hold_index_matches_open_phase	canister/bridge-core/src/kernel.rs#hold_resolution_decision	icrc_history;runtime_toolchain	hold_cases
protocol	lease_outcome	lease_claim	lease_model_refinement	claimed_lease_has_one_strictly_new_generation;stale_lease_cannot_finish	stale_or_inactive_lease_outcome_is_rejected;lease_outcome_decision_rejects_stale_or_inactive;lease_generation_is_strictly_monotone;active_counter_transition_preserves_classification;attempt_is_strictly_monotone;audit_sequence_is_strictly_monotone;only_current_refresh_owner_can_finish;refresh_generation_is_strictly_monotone;counter_delta_matches_classification	-	-	verus:lease_outcome_decision_rejects_stale_or_inactive;verus:lease_generation_is_strictly_monotone;verus:attempt_is_strictly_monotone;verus:audit_sequence_is_strictly_monotone;verus:only_current_refresh_owner_can_finish;verus:refresh_generation_is_strictly_monotone	canister/bridge-core/src/kernel.rs#lease_outcome_decision;canister/bridge-canister/src/scheduler.rs#LEASE_NS	sqlite_atomicity;async_callback_identity;runtime_toolchain	lease_cases
protocol	notification_quota_isolation	notification_admission_claim	notification_admission_model_refinement	notification_quota_isolation;notification_failure_cooldown_is_hash_scoped_and_strict	notification_admission_checks_global_and_caller_windows;notification_ingestion_checks_global_window;notification_failure_cooldown_requires_matching_hash_and_open_deadline	-	-	verus:notification_admission_checks_global_and_caller_windows;verus:notification_ingestion_checks_global_window;verus:notification_failure_cooldown_requires_matching_hash_and_open_deadline	canister/bridge-core/src/kernel.rs#notification_admission_allowed;canister/bridge-core/src/kernel.rs#notification_ingestion_allowed;canister/bridge-core/src/kernel.rs#notification_failure_cooldown_active;canister/bridge-canister/src/lib.rs#admit_control_plane_external_call;canister/bridge-canister/src/api.rs#ingest_notified_withdrawal;canister/bridge-canister/src/storage/mod.rs#notification_failure_cooldown_active;canister/bridge-canister/src/storage/mod.rs#commit_new_withdrawal_release_bundle_with_rpc_audit;canister/bridge-canister/src/storage/mod.rs#commit_withdrawal_fee_guard_trip_bundle;canister/bridge-canister/src/consent.rs#ConsentAdmissionError;canister/bridge-canister/src/consent.rs#admission_error;canister/bridge-canister/src/lib.rs#admit_consent_request	runtime_toolchain;sqlite_atomicity	notification_admission_cases
protocol	lease_lane_isolation	lease_lane_claim	lease_lane_model_refinement	lease_lane_isolation;manual_claim_changes_only_scheduler;manual_claim_cannot_bypass_evidence	lease_lane_claim_is_record_and_lane_scoped;manual_claim_decision_matches_shared_guard	-	-	verus:lease_lane_claim_is_record_and_lane_scoped;verus:manual_claim_decision_matches_shared_guard	canister/bridge-core/src/kernel.rs#lease_lane_claim_decision	sqlite_atomicity;runtime_toolchain	lease_lane_cases
protocol	funding_attempt_lifecycle	funding_attempt_claim	funding_attempt_model_refinement	funding_attempt_lifecycle	funding_outcome_classifies_reservation_action	-	-	verus:funding_outcome_classifies_reservation_action	canister/bridge-core/src/kernel.rs#funding_attempt_decision	icrc_history;sqlite_atomicity;async_callback_identity;runtime_toolchain	funding_attempt_cases
protocol	funding_reconciliation_freshness	funding_reconciliation_claim	funding_reconciliation_model_refinement	funding_reconciliation_requires_fresh_expired_absence	funding_reconciliation_requires_fresh_expired_absence	-	-	verus:funding_reconciliation_requires_fresh_expired_absence	canister/bridge-core/src/kernel.rs#funding_reconciliation_decision	icrc_history;sqlite_atomicity;async_callback_identity;runtime_toolchain	funding_reconciliation_cases
protocol	withdrawal_finalization	withdrawal_finalization_claim	withdrawal_finalization_model_refinement	finalized_success_notifies	-	-	-	-	ui/src/lib/withdrawal-confirmation-state.ts#decideWithdrawalFinalization;ui/src/lib/finalized-checkpoint.ts#finalizedCheckpointMatches;canister/bridge-canister/src/api.rs#notify_withdrawal;canister/bridge-canister/src/evm_rpc.rs#notified_withdrawal_outcome;ui/src/lib/ic/withdrawal-notification-client.ts#notifyWithdrawalWithBrowserIdentity;ui/src/lib/ic/withdrawal-notification-client.ts#continueWithdrawalWithBrowserIdentity;ui/src/lib/withdrawal-history.ts#notifyHistoryWithdrawal;ui/src/routes/history.tsx#HistoryPage;canister/bridge-canister/src/lib.rs#apply_staging_rpc_provider_update;canister/bridge-canister/src/api.rs#list_withdrawals;canister/bridge-canister/src/storage/history.rs#withdrawal_history_page;canister/bridge-canister/src/storage/history.rs#advance_history_indexes;canister/bridge-canister/src/scheduler.rs#arm_history_index_rebuild;ui/src/lib/transaction-recovery.ts#withdrawalReceiptDetails	bridge_runtime_immutability;evm_canonicality;browser_storage;rpc_provider_chain_configuration;runtime_toolchain;ui_rpc_chain_readiness	finalization_cases
protocol	pending_queue	pending_queue_claim	pending_queue_model_refinement	restored_queue_preserves_other_keys	-	-	-	-	ui/src/lib/pending-confirmations.ts#restorePendingConfirmation;ui/src/lib/pending-confirmations.ts#ensurePendingWithdrawalConfirmation;ui/src/lib/pending-confirmations.ts#markPendingConfirmationNotified;ui/src/lib/withdrawal-history.ts#notifyHistoryWithdrawal;ui/src/routes/history.tsx#HistoryPage;ui/src/lib/pending-confirmations.ts#readAllPendingMints;ui/src/features/bridge/mint-confirmation-coordinator.tsx#MintConfirmationCoordinator;ui/src/lib/mint-recovery.ts#readMintRecoveryTargets;ui/src/lib/mint-recovery.ts#runMintRecoveryCycle;ui/src/lib/mint-recovery.ts#discoverMintRecovery;ui/src/lib/mint-execution.ts#startMintExecution;ui/recovery-worker/index.ts#handleMintRecovery	browser_storage;runtime_toolchain;mint_history_index	queue_cases
protocol	canonical_probe	canonical_probe_claim	canonical_probe_model_refinement	accepted_canonical_certificate_binds_finalized_payload	canonical_probe_accepts_exact_block	-	-	verus:canonical_probe_accepts_exact_block	canister/bridge-core/src/kernel.rs#canonical_probe_matches;canister/bridge-canister/src/evm_rpc.rs#eth_call_target_at_observation;canister/bridge-canister/src/evm_rpc.rs#runtime_at_observation;canister/bridge-canister/src/evm_rpc.rs#quorum_transaction_receipt_response;canister/bridge-canister/src/evm_rpc.rs#receipt_consensus_fields_match;canister/bridge-canister/src/evm_rpc.rs#exact_provider_response_quorum_by;canister/bridge-canister/src/evm_rpc.rs#exact_quorum_response	evm_canonicality;rpc_provider_chain_configuration;runtime_toolchain	canonical_probe_cases
protocol	withdrawal_finality_quorum	withdrawal_finality_quorum_claim	withdrawal_finality_quorum_model_refinement	-	withdrawal_finality_quorum_selects_two_provider_checkpoint;withdrawal_finality_quorum_requires_two_eligible_provider_checkpoints	-	-	-	canister/bridge-core/src/kernel.rs#withdrawal_finalized_identity_quorum;canister/bridge-core/src/kernel.rs#withdrawal_finalized_checkpoint_quorum;canister/bridge-core/src/kernel.rs#withdrawal_common_checkpoint;canister/bridge-canister/src/evm_rpc.rs#withdrawal_finalized_observation;canister/bridge-canister/src/evm_rpc.rs#exact_finalized_block;canister/bridge-canister/src/evm_rpc.rs#finalized_block	evm_canonicality;rpc_provider_chain_configuration;runtime_toolchain	-
protocol	runtime_attestation_reuse	reused_attestation_binds_current_install_domain	-	reachable_is_safe	runtime_attestation_requires_every_config_binding	-	-	verus:runtime_attestation_requires_every_config_binding	canister/bridge-core/src/kernel.rs#runtime_attestation_matches;canister/bridge-canister/src/api.rs#runtime_attested;canister/bridge-canister/src/evm_rpc.rs#observe_bridge_at;canister/bridge-canister/src/storage/mod.rs#cache_deposit_authorization_observation;canister/bridge-canister/src/lib.rs#apply_staging_rpc_provider_update	bridge_runtime_immutability;evm_canonicality;rpc_provider_chain_configuration;runtime_toolchain;sqlite_atomicity	-
mint	authorization_binding	accepted_authorization_is_exact_and_has_fixed_deadline	-	deposit_run_preserves_existing_authorization	authorization_commit_requires_every_binding;mint_authorization_minimum_remaining_time_accepts_300_rejects_299_and_overflow;signature_install_requires_dispatch_absence_exact_length_and_minimum_remaining_time;deposit_continuation_requires_authenticated_retryable_stop;deposit_recipient_excludes_protocol_contracts	mint_transition_envelope;expired_transition_rejection;epoch_mismatch_rejection	-	verus:mint_authorization_minimum_remaining_time_accepts_300_rejects_299_and_overflow;verus:signature_install_requires_dispatch_absence_exact_length_and_minimum_remaining_time;verus:deposit_continuation_requires_authenticated_retryable_stop;verus:deposit_recipient_excludes_protocol_contracts	canister/bridge-core/src/kernel.rs#authorization_commit_allowed;canister/bridge-core/src/kernel.rs#mint_authorization_has_minimum_remaining_time;canister/bridge-core/src/kernel.rs#signature_install_allowed;canister/bridge-core/src/kernel.rs#deposit_continuation_decision;canister/bridge-canister/src/api.rs#base_mint_snapshot;canister/bridge-canister/src/api.rs#runtime_attested;canister/bridge-canister/src/lib.rs#continue_deposit;canister/bridge-canister/src/tasks.rs#advance_deposit;ui/src/features/bridge/bridge-page.tsx#BridgePage;ui/src/features/bridge/deposit-progress-coordinator.tsx#DepositProgressCoordinator;ui/src/lib/ic/wallet.ts#continueDeposit;ui/src/lib/mint-authorization.ts#validateMintAuthorization;ui/src/lib/mint-authorization-window.ts#mintAuthorizationWindow;ui/src/lib/settlement-phase.ts#depositContinuation;ui/src/routes/history.tsx#HistoryPage;canister/bridge-core/src/kernel.rs#deposit_recipient_allowed;canister/bridge-canister/src/api.rs#deposit_recipient_allowed;canister/bridge-canister/src/api.rs#unsigned_authorization_rejection;ui/src/lib/base-transaction-observation.ts#sharedBaseRead;ui/src/lib/mint-recovery.ts#rememberMintRecovery;ui/src/lib/mint-recovery.ts#wasMintRequested;ui/src/lib/mint-execution.ts#startMintExecution;ui/src/lib/mint-preflight.ts#prepareMint;ui/src/lib/mint-preflight.ts#checkMintDeadline;ui/recovery-worker/index.ts#handleMintRecovery	bridge_runtime_immutability;cryptographic_authenticity;evm_canonicality;ic_message_caller_authenticity;rpc_provider_chain_configuration;runtime_toolchain;ui_rpc_chain_readiness;ic_consensus_time;mint_history_index	-
mint	expiry_refund	accepted_expiry_refund_requires_finalized_unprocessed_expiry	-	refund_preserves_backing_and_keeps_charged_fee	expiry_refund_requires_unprocessed_strict_expiry;refund_start_requires_attempt_and_policy;deposit_refund_deducts_charged_fee_and_ledger_fee	processed_replay_rejection	mint_commit_state;mint_commit_atomicity	verus:expiry_refund_requires_unprocessed_strict_expiry;verus:deposit_refund_deducts_charged_fee_and_ledger_fee	canister/bridge-core/src/kernel.rs#expiry_refund_allowed;canister/bridge-canister/src/lib.rs#request_deposit_refund;canister/bridge-canister/src/evm_rpc.rs#recovery_observation;canister/bridge-canister/src/storage/mod.rs#cache_deposit_authorization_observation;ui/src/lib/settlement-phase.ts#authorizationDeadlineRefundStatus;ui/src/routes/history.tsx#HistoryPage;ui/src/lib/mint-recovery.ts#isRecoverableMint	bridge_runtime_immutability;evm_canonicality;icrc_history;rpc_provider_chain_configuration;sqlite_atomicity;runtime_toolchain;ui_rpc_chain_readiness	-
mint	exact_mint_finalization	accepted_mint_requires_exact_finalized_success	-	deposit_run_preserves_well_formed	mint_finalization_requires_exact_finalized_success	-	mint_commit_state;mint_commit_supply	-	canister/bridge-core/src/kernel.rs#mint_finalization_allowed;canister/bridge-canister/src/lib.rs#request_deposit_refund;canister/bridge-canister/src/evm_rpc.rs#recovery_observation;canister/bridge-canister/src/evm_rpc.rs#exact_mint_evidence;ui/src/lib/deposit-mint-finalization.ts#depositMintEventMatches;ui/src/lib/deposit-mint-finalization.ts#receiptContainsExactDepositMint;ui/src/lib/deposit-mint-finalization.ts#exactMintReceiptFinalization;ui/src/lib/finalized-checkpoint.ts#finalizedCheckpointMatches;canister/bridge-canister/src/lib.rs#notify_deposit_mint;canister/bridge-canister/src/evm_rpc.rs#exact_mint_receipt_evidence;canister/bridge-canister/src/evm_rpc.rs#mint_evidence_from_receipt;ui/src/lib/mint-observation.ts#observeMint;ui/src/lib/mint-recovery.ts#recoverMint;ui/src/lib/mint-execution.ts#startMintExecution;ui/recovery-worker/index.ts#handleMintRecovery	bridge_runtime_immutability;cryptographic_authenticity;evm_atomicity;evm_canonicality;rpc_provider_chain_configuration;sqlite_atomicity;runtime_toolchain;ui_rpc_chain_readiness;mint_history_index	-
mint	epoch_invalidation	retired_signer_rejects_even_future_epoch_authorizations	-	deposit_run_preserves_existing_authorization	-	epoch_transition	-	-	contracts/src/Bridge.sol#_setMintAuthorizationEpoch;contracts/src/Bridge.sol#rotateBridgeSigner;contracts/src/libraries/MintAuthorizationPolicy.sol#nextEpoch	cryptographic_authenticity;evm_atomicity;runtime_toolchain	-
mint	reservation_lifecycle	local_strict_expiry_releases_authorization_reservation	-	deposit_run_preserves_reservation_consistency;released_deposit_can_refund;refunded_deposit_rejects_duplicate_operations	reservation_exists_only_for_authorization_progress;deposit_reservation_is_released_at_expiry_or_recorded_mint;deposit_numeric_effects_match_every_economic_transition;deposit_transition_effects_match_every_economic_transition;deposit_transition_decision_applies_verified_effects	-	-	verus:reservation_exists_only_for_authorization_progress;verus:deposit_transition_effects_match_every_economic_transition;verus:deposit_transition_decision_applies_verified_effects	canister/bridge-core/src/kernel.rs#mint_authorization_has_minimum_remaining_time;canister/bridge-core/src/kernel.rs#deposit_numeric_effects;canister/bridge-core/src/kernel.rs#deposit_transition_effects;canister/bridge-core/src/kernel.rs#deposit_transition_decision	sqlite_atomicity;runtime_toolchain;ic_consensus_time	-
mint	fee_accounting_once	authorization_signature_counts_exact_service_fee_once	-	deposit_run_fee_credit_count_at_most_once	deposit_fee_is_charged_only_on_authorization_signature;deposit_numeric_effects_match_every_economic_transition;deposit_transition_effects_match_every_economic_transition;deposit_transition_decision_applies_verified_effects	-	-	verus:deposit_transition_effects_match_every_economic_transition;verus:deposit_transition_decision_applies_verified_effects	canister/bridge-core/src/kernel.rs#mint_authorization_has_minimum_remaining_time;canister/bridge-core/src/kernel.rs#deposit_numeric_effects;canister/bridge-core/src/kernel.rs#deposit_transition_effects;canister/bridge-core/src/kernel.rs#deposit_transition_decision	evm_atomicity;sqlite_atomicity;runtime_toolchain;ic_consensus_time	-
mint	deposit_backing	mint_preserves_backing	-	deposit_run_preserves_backing	deposit_numeric_effects_match_every_economic_transition;deposit_transition_effects_match_every_economic_transition;deposit_transition_decision_applies_verified_effects	mint_effect_identity	mint_commit_supply;mint_commit_atomicity	verus:deposit_transition_effects_match_every_economic_transition;verus:deposit_transition_decision_applies_verified_effects	canister/bridge-core/src/kernel.rs#deposit_numeric_effects;canister/bridge-core/src/kernel.rs#deposit_transition_effects;canister/bridge-core/src/kernel.rs#deposit_transition_decision	evm_atomicity;external_asset_state;sqlite_atomicity;runtime_toolchain	-
mint	refund_evidence_enforcement	refund_request_cannot_bypass_finalized_evidence	-	refund_event_in_accepted_trace_requires_finalized_absence	expiry_refund_requires_unprocessed_strict_expiry;refund_start_requires_attempt_and_policy	-	-	verus:expiry_refund_requires_unprocessed_strict_expiry	canister/bridge-core/src/kernel.rs#expiry_refund_allowed;canister/bridge-canister/src/lib.rs#request_deposit_refund;canister/bridge-canister/src/evm_rpc.rs#recovery_observation;canister/bridge-canister/src/storage/mod.rs#cache_deposit_authorization_observation;canister/bridge-canister/src/lib.rs#map_deposit_refund_exact_mint_error;ui/src/lib/settlement-phase.ts#authorizationDeadlineRefundStatus;ui/src/routes/history.tsx#HistoryPage;ui/src/lib/mint-recovery.ts#recoverMint	bridge_runtime_immutability;evm_canonicality;rpc_provider_chain_configuration;sqlite_atomicity;runtime_toolchain;ui_rpc_chain_readiness	-
mint	refund_request_authorization	accepted_refund_request_requires_authentication_and_finalized_absence	refund_request_identity_model_refinement	refund_request_after_accepted_prefix_requires_authentication_and_absence	refund_request_requires_authenticated_caller	-	-	verus:refund_request_requires_authenticated_caller	canister/bridge-core/src/kernel.rs#refund_request_identity_decision;canister/bridge-canister/src/lib.rs#request_deposit_refund	ic_message_caller_authenticity;sqlite_atomicity;runtime_toolchain	refund_request_identity_cases
protocol	nonterminal_deposit_index_consistency	nonterminal_deposit_index_matches_nonterminal_phases	deposit_nonterminal_index_model_refinement	nonterminal_deposit_index_consistency_witness	deposit_nonterminal_index_matches_nonterminal_phases	-	-	verus:deposit_nonterminal_index_matches_nonterminal_phases	canister/bridge-core/src/kernel.rs#deposit_nonterminal_indexed;canister/bridge-canister/src/storage/mod.rs#is_terminal_deposit	sqlite_atomicity;runtime_toolchain	deposit_nonterminal_index_cases
contract	initial_activation_authorization	local-safety	release-safety	implementation-proved	BridgeSpec.ClaimContracts.InitialActivationAuthorization	BridgeSpec.ClaimContracts.initial_activation_authorization_witness
protocol	initial_activation_authorization	initial_activation_authorization_witness	-	-	activation_authority_fails_closed_until_bootstrap_consumed;bootstrap_pause_principal_migration_is_scoped_and_idempotent;confirmed_execute_consumes_bootstrap_activation_authority;operational_config_seal_requires_the_current_bootstrap_controller	-	-	verus:activation_authority_fails_closed_until_bootstrap_consumed;verus:bootstrap_pause_principal_migration_is_scoped_and_idempotent;verus:confirmed_execute_consumes_bootstrap_activation_authority;verus:operational_config_seal_requires_the_current_bootstrap_controller	canister/bridge-core/src/kernel.rs#activation_prepare_authorized;canister/bridge-core/src/kernel.rs#bootstrap_activation_authority_after_transition;canister/bridge-core/src/kernel.rs#bootstrap_pause_principal_migration_decision;canister/bridge-core/src/kernel.rs#operational_config_seal_caller_authorized;canister/bridge-canister/src/base_governance.rs#production_lifecycle;canister/bridge-canister/src/base_governance.rs#activation_admission_open;canister/bridge-canister/src/base_governance.rs#activation_caller_authorized;canister/bridge-canister/src/base_governance.rs#require_action_authorization;canister/bridge-canister/src/base_governance.rs#revalidate_action_authorization;canister/bridge-canister/src/base_governance.rs#capture_action_controller_authority;canister/bridge-canister/src/base_governance.rs#capture_transaction_controller_authority;canister/bridge-canister/src/base_governance.rs#require_transaction_controller_authority;canister/bridge-canister/src/base_governance.rs#require_operational_config_seal_caller;canister/bridge-canister/src/base_governance.rs#current_controller_authority;canister/bridge-canister/src/base_governance.rs#require_unchanged_controller_authority;canister/bridge-canister/src/lib.rs#apply_production_bootstrap_pause_principal_migration;canister/bridge-canister/src/storage/mod.rs#migrate_bootstrap_pause_principal;canister/bridge-canister/src/storage/mod.rs#migrate_staging_bootstrap_activation_controller;canister/bridge-canister/src/storage/mod.rs#seal_operational_config;canister/bridge-canister/src/storage/mod.rs#complete_confirmed_activation_and_resume_if_clear;tools/bridge-profile/src/main.rs#production_upgrade_pause_migration_matches;scripts/production-canister-upgrade.sh#snapshot	ic_controller_status_authenticity;ic_message_caller_authenticity;sqlite_atomicity;runtime_toolchain	-
contract	confirmed_activation_evidence_binding	local-safety	release-safety	implementation-proved	BridgeSpec.ClaimContracts.ConfirmedActivationEvidenceBinding	BridgeSpec.ClaimContracts.confirmed_activation_evidence_binding_witness
protocol	confirmed_activation_evidence_binding	confirmed_activation_evidence_binding_witness	-	-	confirmed_activation_attempt_requires_exactly_one_hash;legacy_activation_migration_requires_recoverable_evidence;confirmed_activation_metadata_requires_exact_match	-	-	verus:confirmed_activation_attempt_requires_exactly_one_hash;verus:legacy_activation_migration_requires_recoverable_evidence;verus:confirmed_activation_metadata_requires_exact_match	canister/bridge-core/src/kernel.rs#confirmed_activation_attempt_is_unique;canister/bridge-core/src/kernel.rs#legacy_activation_evidence_requirement;canister/bridge-core/src/kernel.rs#confirmed_activation_metadata_matches;canister/bridge-canister/src/base_governance.rs#activation_confirmation_view;canister/bridge-canister/src/storage/mod.rs#confirmed_activation_record;canister/bridge-canister/src/storage/mod.rs#apply_governance_completion;canister/bridge-canister/src/storage/mod.rs#migrate_confirmed_activation_history;canister/bridge-canister/src/storage/mod.rs#migrate_previous_schema;tools/bridge-profile/src/main.rs#activation_confirmation_artifact_metadata_matches;tools/bridge-profile/src/main.rs#controller_activation_confirmation_fields_match;tools/governance-relayer/cli.ts#writeJsonExclusiveAtomic;tools/governance-relayer/cli.ts#writeOrMatchConfirmationEvidence	runtime_toolchain;sqlite_atomicity	-
contract	cycles_top_up_request_policy	local-safety	release-safety	implementation-proved	BridgeSpec.ClaimContracts.CyclesTopUpRequestPolicy	BridgeSpec.ClaimContracts.cycles_top_up_request_policy_witness
protocol	cycles_top_up_request_policy	cycles_top_up_request_policy_witness	-	-	cycles_top_up_requires_authority_low_balance_and_idle	-	-	verus:cycles_top_up_requires_authority_low_balance_and_idle	canister/bridge-core/src/kernel.rs#cycles_top_up_request_allowed;canister/bridge-canister/src/cycles_top_up.rs#acquire;canister/bridge-canister/src/cycles_top_up.rs#RequestGuard;canister/bridge-canister/src/cycles_top_up.rs#IN_PROGRESS;canister/bridge-canister/src/cycles_top_up.rs#start;canister/bridge-canister/src/cycles_top_up.rs#check;canister/bridge-canister/src/cycles_top_up.rs#request_cycles;canister/bridge-canister/src/lib.rs#check_cycles_top_up	launcher_cycles_service;ic_controller_status_authenticity;runtime_toolchain	-
