schema	1	-	-	-	-	-
obligation	bridge_mint_exact_effects	advisory	verification/certora/specs/Bridge.spec#mintAppliesExactEffects	contracts/src/Bridge.sol#Bridge.mintDepositWithAuthorization(IBridge.MintAuthorization,bytes)	cryptographic_authenticity;runtime_toolchain	deposit_admission;deposit_backing;exact_mint_finalization
obligation	bridge_mint_replay	advisory	verification/certora/specs/Bridge.spec#processedDepositCannotReopen;verification/certora/specs/Bridge.spec#processedFlagIsMonotone	contracts/src/Bridge.sol#Bridge.mintDepositWithAuthorization(IBridge.MintAuthorization,bytes)	cryptographic_authenticity;runtime_toolchain	deposit_admission;expiry_refund
obligation	bridge_withdrawal_atomicity	advisory	verification/certora/specs/Bridge.spec#withdrawalBurnAndRecordAreAtomic	contracts/src/Bridge.sol#Bridge.createWithdrawal(uint256,uint256,bytes,bytes32)	evm_atomicity;runtime_toolchain	committed_quote;settlement_backing;withdrawal_finalization
obligation	bridge_admin_invariants	advisory	verification/certora/specs/Bridge.spec#administrationPreservesSafety;verification/certora/specs/Bridge.spec#retiredSignerCannotBeReappointed;verification/certora/specs/Bridge.spec#signerRotationRetiresPreviousAndAdvancesEpoch;verification/certora/specs/Bridge.spec#unpauseRequiresSignerRotationAfterPause	contracts/src/Bridge.sol#Bridge.pauseDepositMints();contracts/src/Bridge.sol#Bridge.unpauseDepositMints();contracts/src/Bridge.sol#Bridge.setServiceFee(uint256);contracts/src/Bridge.sol#Bridge.rotateBridgeSigner(address);contracts/src/Bridge.sol#Bridge.rotateRuntimeAdministrator(address)	runtime_toolchain	epoch_invalidation;service_fee_maximum
obligation	bsns_supply_authority	advisory	verification/certora/specs/BSNS.spec#onlyBridgeChangesSupply;verification/certora/specs/BSNS.spec#transfersPreserveSupply	contracts/src/BSNS.sol#BSNS.bridgeMint(address,uint256);contracts/src/BSNS.sol#BSNS.bridgeBurn(uint256)	cryptographic_authenticity;runtime_toolchain	deposit_backing;settlement_backing
obligation	bsns_authorization_nonce	advisory	verification/certora/specs/BSNS.spec#authorizationNonceNeverReopens;verification/certora/specs/BSNS.spec#authorizedTransferConsumesNonce;verification/certora/specs/BSNS.spec#receiveAuthorizationRequiresRecipient;verification/certora/specs/BSNS.spec#cancelConsumesNonce	contracts/src/BSNS.sol#BSNS.transferWithAuthorization(address,address,uint256,uint256,uint256,bytes32,uint8,bytes32,bytes32);contracts/src/BSNS.sol#BSNS.receiveWithAuthorization(address,address,uint256,uint256,uint256,bytes32,uint8,bytes32,bytes32);contracts/src/BSNS.sol#BSNS.cancelAuthorization(address,bytes32,uint8,bytes32,bytes32)	cryptographic_authenticity;runtime_toolchain	authorization_binding
obligation	timelock_role_policy	advisory	verification/certora/specs/BridgeTimelockController.spec#operationalRolesRemainClosed	contracts/src/BridgeTimelockController.sol#BridgeTimelockController.rotateOperationalMembers(address,address)	runtime_toolchain	activation_preflight;governance_confirmation_authorization
obligation	timelock_delay_policy	advisory	verification/certora/specs/BridgeTimelockController.spec#delayAlwaysRemainsBounded;verification/certora/specs/BridgeTimelockController.spec#onlySelfCanUpdateDelay	contracts/src/BridgeTimelockController.sol#BridgeTimelockController.updateDelay(uint256)	runtime_toolchain	activation_preflight
obligation	timelock_pending_count	advisory	verification/certora/specs/BridgeTimelockController.spec#pendingCountChangesOnlyThroughLifecycle;verification/certora/specs/BridgeTimelockController.spec#scheduleChangesPendingCountExactly;verification/certora/specs/BridgeTimelockController.spec#scheduleBatchChangesPendingCountExactly;verification/certora/specs/BridgeTimelockController.spec#cancelChangesPendingCountExactly;verification/certora/specs/BridgeTimelockController.spec#executeChangesPendingCountExactly;verification/certora/specs/BridgeTimelockController.spec#executeBatchChangesPendingCountExactly	contracts/src/BridgeTimelockController.sol#BridgeTimelockController.schedule(address,uint256,bytes,bytes32,bytes32,uint256);contracts/src/BridgeTimelockController.sol#BridgeTimelockController.scheduleBatch(address[],uint256[],bytes[],bytes32,bytes32,uint256);contracts/src/BridgeTimelockController.sol#BridgeTimelockController.cancel(bytes32);contracts/src/BridgeTimelockController.sol#BridgeTimelockController.execute(address,uint256,bytes,bytes32,bytes32);contracts/src/BridgeTimelockController.sol#BridgeTimelockController.executeBatch(address[],uint256[],bytes[],bytes32,bytes32)	runtime_toolchain	activation_preflight;governance_confirmation_authorization
