schema	1	-	-
profile	current-main	current	-
source	current-main	verification/README.md	7dc915a2839209434e04723cb094219de7dcc88b757849cc2235e87f01be1d31
source	current-main	verification/assumptions.tsv	4909c425f4fdb03ef20ab75d71104d0a22648141fd183af65335d1792404802e
source	current-main	verification/claim-test-manifest.tsv	cfcb4a426f94b1cbfef3406d5ca104027fb4917af7e46472be86f547b178a3d4
source	current-main	verification/claims.tsv	e7bb4570f9a8355edef0024b0e2069daf9b19b906beea345fa62aa8e4f4afc2c
source	current-main	verification/generated/mint-authorization-vector.json	71b0ec23aa37b4402893c880dd64cac4bdebc495ffb2f02b61c10c9a0fd09592
source	current-main	verification/generated/protocol-vectors.json	ddb37117bbcf9356616ec706acec98059cafd86bb3cd55ec703e0c4f423d1c5c
source	current-main	verification/generated/refinement-harnesses.json	78a76cd1a995cf2261607ff857ccc042861c67342596831be13ca62fa0317961
source	current-main	verification/halmos/failure-manifest.tsv	193964b5d31c32b8884444d42676e4281ca9fcbeaa4ca5b2bae103a994662325
source	current-main	verification/halmos/obligations.tsv	0be21926988bc86fe8e50614a9242d3b8b9956a0916dabd35d4c73cbd1e29099
source	current-main	verification/halmos/pyproject.toml	36c3588010864fc8f6c265b0a1b2930d4e472d84bfc24d02eff1559dac8bfe1d
source	current-main	verification/halmos/uv.lock	6b8162dce6cad80da93826b735aee401ffba7b62ca8b10e0e314fbc30264cbfa
source	current-main	verification/known-answer-manifest.tsv	17f3690f28d1952b6edac7c0ce0d8878d31ae032829da394fcce4f96d6e3fe09
source	current-main	verification/lean/BridgeSpec/ClaimContracts.lean	62109c07c185c4de10ca53244e7e61dad22acbff2669558e584fef00c0926e56
source	current-main	verification/lean/BridgeSpec/Claims.lean	6b51930e74461c30a186ba20b2bf73342329c0f3ba75024438e755220c4543c1
source	current-main	verification/lean/BridgeSpec/ControlPlane.lean	437f896f048ba6a20ee4786214c2fa6e6a64727e9c02396492ead2e108189766
source	current-main	verification/lean/BridgeSpec/DepositAuthorization.lean	cf3c967b75914e1b5a988f3d0f5edba6460224704f127dafb8d2562c2e723918
source	current-main	verification/lean/BridgeSpec/GlobalHistory.lean	e835418273f4df7750b58bb272181ab6976098d6b7084c26c8819ce7002e3e0c
source	current-main	verification/lean/BridgeSpec/Implementation.lean	b73160e9a41ed5d3aec6fe49ca84e18edd9faddfc64b4cca64a0f07418270c95
source	current-main	verification/lean/BridgeSpec/LedgerBlockProvenance.lean	23421e6d692d4651eb98d658e501e918e185f36d378f72ed5115fbaf06ba69c4
source	current-main	verification/lean/BridgeSpec/Liveness.lean	b3d1a386784e6578d2304ed6fcff9518a119fafda67e793475de0f5562a64a8f
source	current-main	verification/lean/BridgeSpec/Model.lean	548729bea6e161bcf3b64039897b3989c945bcf65847f89e4e36b0e51cf9e3c7
source	current-main	verification/lean/BridgeSpec/Protocol.lean	ef85bc2190cc22866a5029a96a2b64a5b22eea4615541af10c43f37c608e4c09
source	current-main	verification/lean/BridgeSpec/Refinement.lean	43feab4b0c5c1580f0a8dfffb78ac18f8596ecbaf8e696f7111bc85d862b6f4a
source	current-main	verification/lean/BridgeSpec/Theorems.lean	bf806d6a6a952ac33fea2afc4ade17ffffba07b6c7962c48a07ee466294d3fc3
source	current-main	verification/lean/BridgeSpec/Vectors.lean	02168c314571b0f40cff43682059ec222d1d7eb338f9ee23d50bb409347f38b4
source	current-main	verification/lean/Main.lean	6963abbfba22d119fb6b7310b0dd390d3273ee17bfb9e0a54681d242f2641a11
source	current-main	verification/lean/deposit-failure-manifest.tsv	dade9af0b9725ee21c15ff85741127ce7a7039b1211d689097bb4963ed5bb788
source	current-main	verification/lean/fail/AccountingDeltaViolation.lean	42c3cd975297018b3f37963910957eae30d8a5910b18aba483ee7e24a27151dd
source	current-main	verification/lean/fail/AnonymousRefundRequest.lean	beae263600cfc9307feadae225b64983f34e11bfdfa04adae6316ec7a1869552
source	current-main	verification/lean/fail/AuthorizationReissue.lean	19df2aa3867a25d5bc470ff8b064d4f7c5d943121c572b84c7f4f0b9b0fff6be
source	current-main	verification/lean/fail/BackingViolation.lean	0ad4d6a1424518a8b8f9968310d0a88619133f86d4ce877fa7134a0f22b206d2
source	current-main	verification/lean/fail/ConflictingFundingReplay.lean	fd5f6abf7f8812e64bf2cbf457991ca46fcea6cdcc71acd074a6b162317c7b96
source	current-main	verification/lean/fail/DeadlineOverflow.lean	44a1f3f1e9c9546b3b35cc8ad5e76e652f6425d7aedaf5b0647f303c80ae9ec7
source	current-main	verification/lean/fail/DestinationMutation.lean	a3992470b4340e01eb81291efe4172fb9b3269141e987beea8238f02fded0cae
source	current-main	verification/lean/fail/DoubleDepositFeeTrace.lean	daa0327e85847d2435b85c11f9bfe1031a2f19e0a53249d66e24effa7fe43434
source	current-main	verification/lean/fail/DoubleFee.lean	076049e9a5e13cd6c1e4ebab231ed452dffc9fcac994b7aa15bdd8645e304851
source	current-main	verification/lean/fail/EvidencelessMint.lean	7d248eb1e8b57cfd2e9f2c3d3892e03b495934fbc920278146a056cca36b2c96
source	current-main	verification/lean/fail/IncompleteAbsence.lean	22ed9af027b854b148ed57fd103aa4cf9707a4366943ce43b4276e3ca4cbad62
source	current-main	verification/lean/fail/IncompleteExpiryAudit.lean	b4010319f19cbc7192adc8f92a6e88278592a24cf2d023de93b037c27f72174b
source	current-main	verification/lean/fail/IncompleteMintAudit.lean	db49a793aa755310d12569bc9066ba997ed30bd0fc92e53615ff5fb79394bda1
source	current-main	verification/lean/fail/InvalidExecutionStep.lean	a6b48a8e639af5578312a150535c1b778d45877f353b449eca9559558c156213
source	current-main	verification/lean/fail/ManualActiveLeaseBypass.lean	05b63de3fa0532e200bdd0c2f8e75495f96b40683b11177827e16335ee5fa7a7
source	current-main	verification/lean/fail/ManualClaimEconomicMutation.lean	9b60fdf900a577eea35aa64585347ed44b629cceae79b2dbbc0ede270ad7722d
source	current-main	verification/lean/fail/MintFeeAlreadyCounted.lean	723521e3697cbe526ea02cbfab85c8765729b62b241f862d964f81009394833e
source	current-main	verification/lean/fail/MissingUserLiveness.lean	285ee5520011c8603f7db684c1a6365bef69da98d9e38c6ed60a4f0b69bbe07e
source	current-main	verification/lean/fail/ProcessedExpiryRefund.lean	a2412ad467b65611d640d698c109cb6305463b31d138c29fedab02940f927d18
source	current-main	verification/lean/fail/RefundBeforeFunding.lean	47ac92b520aef0fc257bf1a3fa956af2ce6130b9bf676b56d8936e62c2bd56f0
source	current-main	verification/lean/fail/StaleCrossRecordCallback.lean	22dc013ef440ee7341088666b13309141a4fd135931b167481741248a4720989
source	current-main	verification/lean/fail/StaleLeaseCallback.lean	060d4a6c2845d57c76dc64427eca5be79f8444c0472b7191a2ffffe4f34c2dae
source	current-main	verification/lean/fail/TerminalAuthorizationReopen.lean	c7ba272a6f81dfcd0c4333bd325bcea1f41c1ce618cd1a645cd3dddea5daa29f
source	current-main	verification/lean/fail/TerminalDepositIndexed.lean	5a740f2449b4ebd506b9d3095378f2226f253b9fd4ec96442422a0adbcbd91d7
source	current-main	verification/lean/fail/UnauthorizedConfirmationCaller.lean	ebb7016ca30fe6b8c28c6dc6533da01331be76d3cc479a886866213d52ce80d0
source	current-main	verification/lean/fail/UnfairLiveness.lean	e346efb2083754bc8793d27a176243cc79c29f55a54eed0af4778e85faff6eca
source	current-main	verification/lean/lake-manifest.json	c88f02fec826d480ea403330e1ee03635abf86e5dbedf305f7c0391d27713eb9
source	current-main	verification/lean/lakefile.lean	ea0d55c075440c9541d28b7802430abfe5e99b6a2e5a0abb561b76963055950c
source	current-main	verification/obligations.md	017f013ec5d7f0c5d7fd97f5e857c265df0b973404621e61860ca856eda563a3
source	current-main	verification/proof-impact.tsv	62b4d992a140a7ad274655a4fc9b77724d908f2772e34c252014b51664f487df
source	current-main	verification/refinement-manifest.tsv	e6c1afe8ce27da5f702ae49b2542865409070a91e6ba5cd870ef3bfe00a9eabd
source	current-main	verification/smt/fail/FeeBoundOmitted.sol	c457c514166135b91a6ef33c2c4ece9480571cb4c0d9a7a584342b9e73eac3b2
source	current-main	verification/smt/fail/InclusiveDeadlineRejected.sol	bfb264ac66999fc57e58d8918a1c1177cc9d9b86cc348cdedd71c7f590d29dd6
source	current-main	verification/smt/fail/InvalidWithdrawalTransition.sol	618996fb46dcebc6183e8a1dfd199e13bbab28dc013eb19191a834b44850c81d
source	current-main	verification/smt/fail/MintLimitOmitted.sol	92c3ff1980499d468b46b44f42ef58728f51686ad58acf1ace2646b9d99bcc65
source	current-main	verification/smt/fail/MissingEpochGuard.sol	cd239a7fc903d2e6102a49aea3cf8cf013f5314fc3ceed5b4c497ad10c36df77
source	current-main	verification/smt/fail/ProcessedDepositReplay.sol	25a89c3a71beaac14c1d4c1a0a832daa20cd27690e0516a820ad0b17cd751486
source	current-main	verification/smt/fail/ProcessedUpdateOmitted.sol	cc98a77fc84f24a1a2b354096e01d9b6a5269a576de1bec38bcf4526c9ab10d3
source	current-main	verification/smt/fail/SupplyEventMismatch.sol	45328a73211b80efcbdbd1f14a6b9e155777cd79b60904ff8f6179ec4f9817c5
source	current-main	verification/smt/fail/U128BoundOmitted.sol	b3c39a3a276a3e5608db1d0f2204c4f70c30ba2f176ff6871c3683b071bfd898
source	current-main	verification/smt/fail/UnboundedValue.sol	46162293dc9209979a055f25111887ed4e37f2f7859636c79c23a23502196d32
source	current-main	verification/smt/fail/WindowBoundOmitted.sol	1eec572c032e760fadd3dc23596f4e89ac32f04eb62f33a0a3f42d0facd114a5
source	current-main	verification/smt/failure-manifest.tsv	96c6de1107861ed5eea8d2edd25d0e23d420ba2ff4668029e082af49817a71a2
source	current-main	verification/smt/foundry.toml	c22724b15b351303d30354ee5c99b3c9a47c39f9683235334ce87e4984227feb
source	current-main	verification/smt/pass/BoundedValue.sol	84fb49427baabca63399a793ed19e2f6232f2b23c7705350cb194bcca96b9384
source	current-main	verification/smt/pass/BridgeAdministrationState.sol	0d038fc0139acc50c0a7322b22226b178ac9927e7c00a104c95409d49ae0156a
source	current-main	verification/smt/pass/MintAuthorizationState.sol	d66f6d1b9d3fc89ac3f6e6f11d1ac2316d496181c6720a5bdab0641de3565015
source	current-main	verification/smt/pass/WithdrawalState.sol	8c01578827c10ffabd65ec1339264a9b06c9c4c322fb49665dbb5d8e1ac0f539
source	current-main	verification/transition-manifest.tsv	3923570aa20e75c2faf2cbd5f12b1c4201197241036c1da1ecbbb67a37fcd3be
source	current-main	verification/verus/fail/activation_base_preflight_matches.rs	fe331cccac7a9d504307ce49e3bca8b3ce569b2384c96ece2c3c31c9be58a3bc
source	current-main	verification/verus/fail/activation_postcondition_matches.rs	49134bc357bd5cf5f5f78a7dbaebcd26daf0ca420d345b74de8fc9e71637631f
source	current-main	verification/verus/fail/administrator_authorized.rs	e829bd354a99750cae3b4d7853fe5e5551b3a57d51341154a80a5a3ddd40f6fe
source	current-main	verification/verus/fail/audit_next.rs	7001a9747b69e91184eb75e5b42b645cf702f770ce9118881fdfb210ec90bd4f
source	current-main	verification/verus/fail/authorization_commit_allowed.rs	3462f7a19d8ef380d9d2b9df209292c9221c8cad89f3673b16ac5e272989682a
source	current-main	verification/verus/fail/canonical_probe_matches.rs	61c91b9e341db7f3c2fa0607a3d0b2e1802b2499a015b1054e1f26e180735a7b
source	current-main	verification/verus/fail/checked_counter_transition.rs	3a5cc665698978d9c23dd71436c94e41ea7caf6e866a36d4afaf90901dc8c1a1
source	current-main	verification/verus/fail/checked_requirement.rs	c7f02bb5d69572234af6d2d0118397fa7724856b78cc927ccd7c374a7431f528
source	current-main	verification/verus/fail/committed_quote_matches.rs	3de4ec78f3420e899e63ab61e4bb71b7dce32eeba0609fdc97e203153a17f370
source	current-main	verification/verus/fail/counter_delta.rs	8f32c26a7ee406c6c65f8fede54c0f56cf838da203ccb1adf40a7bc3e6e8ad33
source	current-main	verification/verus/fail/deposit_admission_decision.rs	aae4c6e854ce99f4ca1c924eed3d72baa3c02814f8de07e80c6bc1dd5b77ebc4
source	current-main	verification/verus/fail/deposit_charge_service_fee.rs	7e43c8318d178271353c5bebbe8642bca96c1ba9a51c28f35e89c4b85255d9cf
source	current-main	verification/verus/fail/deposit_identity_decision.rs	87d3380533c3045db47960cf5813fb9da0508bf2aaf9c8f7d5388df319fba952
source	current-main	verification/verus/fail/deposit_ledger_block_transition.rs	ad37dcfb692493d83c61d792efefb65be31b863edc05670518fd14d8e9db06ba
source	current-main	verification/verus/fail/deposit_nonterminal_indexed.rs	bccf98ebfc5034654ccaf7b869d68b9cc0ff435066aea840855aa2fadbc66917
source	current-main	verification/verus/fail/deposit_numeric_effects.rs	73a697373ddde5c0303473d1e5dd17c0242743a63e07d0445bb7bb9fd1de6901
source	current-main	verification/verus/fail/deposit_refund_amount.rs	f739017a47979d877fb29b8e79275c3b305ba78b7f55fb6c31964f7f5311919c
source	current-main	verification/verus/fail/deposit_releases_reservation.rs	8dfc35f4d81ff9842de675c8428ab641936c6b65afbb5ac751ca0dcf1d22ff56
source	current-main	verification/verus/fail/deposit_reservation_active.rs	2502e0130041310dd63c5b82783aed107a2b6c7f9c882d3d10941f04bf6c453a
source	current-main	verification/verus/fail/deposit_transition.rs	23fb040e6bc9c90978408a415de74f8b19b1bcda3caaae96f2f6967f7368d1f8
source	current-main	verification/verus/fail/deposit_transition_decision.rs	c07e663ac3fd7c673c48c897b1aeaf838a8aeb79323925980c103b0ab3a5f733
source	current-main	verification/verus/fail/deposit_transition_effects.rs	565beb16cff07363e6ec7c916d003b0f2fabe4fe5a9929baabcd876a50d47fbf
source	current-main	verification/verus/fail/evidence_matches.rs	11c755a8ce717206b5c9704ee2d434504986d1b180f1a9074320b7afde0fd218
source	current-main	verification/verus/fail/expiry_refund_allowed.rs	79d0a071f372dd9b66c7f8f4dd8dd7558aed78b831f6ff267ef01fd98ee3d809
source	current-main	verification/verus/fail/fee_recipient_rotation_decision.rs	b7a2c5f3b89aafdea9113e0bffe032be80a3db66f89e9ffd3f988d86e2091618
source	current-main	verification/verus/fail/funding_attempt_decision.rs	78663d5fb23c39c7b4a85fbfa165f8316bb98de1aa2468beb842702069ab436e
source	current-main	verification/verus/fail/funding_reconciliation_decision.rs	c0817cd467a15b1b996d7018bc3fda4d848d15a22b6fe1869c6fcd589e8ccb4b
source	current-main	verification/verus/fail/hold_resolution_decision.rs	c7d6f0e1874510be1da8b858ba3e27066e6ed45d0e048f7cb18bb6c2aa77b49c
source	current-main	verification/verus/fail/lease_generation_next.rs	4b07db59ca66438145cbcf5ba1df8081e4ff6581523beda9b0d08b4ec31255c3
source	current-main	verification/verus/fail/lease_lane_claim_decision.rs	d3b3337b1c13006b73613d959edcdc85abf244c5aad6baba768eec87a07f0cbf
source	current-main	verification/verus/fail/lease_outcome_decision.rs	f2499821d5c49c11af9c635e82d3c1010589aeb580f40bd47008d26fa9ff6e72
source	current-main	verification/verus/fail/lease_outcome_is_current.rs	eaefd2150f9f83ef87825bb1712dd7bc66dfb367de280d4eb4d53af1267e9ee4
source	current-main	verification/verus/fail/manual_claim_decision.rs	1ddaadc4ae27690eaa83550ce8cd281278fc7fae45804d24de86f59d8016ab8e
source	current-main	verification/verus/fail/mint_admission_total.rs	e08bd5d2e25b8c978aa8129680b40d57f8bd1dfa7992c0161cb8ee7f122e2c2c
source	current-main	verification/verus/fail/mint_finalization_allowed.rs	c78fef4b10564d2f09449677a13c19cc365b76e18f0af2d62f94b8f5b380c61b
source	current-main	verification/verus/fail/next_attempt.rs	93213d282df19dc14e22cba52ce7a06db27fefe52cada59f05f90c3003ec9ba4
source	current-main	verification/verus/fail/notification_admission_allowed.rs	aa291eaad2c67ec6918c967737d5195857955bb2863edf9f183ac338c6310c84
source	current-main	verification/verus/fail/notification_failure_cooldown_active.rs	08c568c2477ac8cc4d16df8cff7b61ef704bb2a1237a650f868211728575e88e
source	current-main	verification/verus/fail/notification_ingestion_allowed.rs	a3a42477b2abdfa02cb4f036f4b3247feca862cbd2f6eabcb0b5a7fd51679bab
source	current-main	verification/verus/fail/outbound_settlement.rs	85bef1e6766a8fba42f5ac8225d2716bcbf3d191600cca3ec35004e757d800de
source	current-main	verification/verus/fail/payout_allowed.rs	9f257995f72b98c3922a1008bce0d3104f7504f345a546637bbd728e4bd5711a
source	current-main	verification/verus/fail/payout_debit.rs	a3689880034741e6875862d96d5a8d99f0732b957ab1b2431314ff2051713b54
source	current-main	verification/verus/fail/payout_decision.rs	bcdefe93515fec7091a484e906045d3c596c73ffcb1da639b77b083bab68c004
source	current-main	verification/verus/fail/reconciliation_hold_indexed.rs	6afe46e177936a23301357827d2c81b59b3ce8ff1e3bf17cc699117c8381b666
source	current-main	verification/verus/fail/refresh_generation_next.rs	15a8a949cdb8f7d2986e9d08d3026f7e2fd74baa64a97d9df5a5375cae7e8b68
source	current-main	verification/verus/fail/refresh_owner_matches.rs	fdae67f0364fd1b126d41d8689383cb6a5cc1f145455b0bc842c9b2fd6d9954d
source	current-main	verification/verus/fail/refund_request_identity_decision.rs	f83b0b5b0044b0e95033f74a33574581221b37b1f65d568a8a874ac728c6596c
source	current-main	verification/verus/fail/refund_start_allowed.rs	0c338787941fa13bac090496c3807d4202ce002d77bc0f11474b82a46ef6881b
source	current-main	verification/verus/fail/release_transfer_matches.rs	1b1b8c421fafd2b757560fa2d48b4e4ad8a8f00f2de473e006cab541d82fbd6b
source	current-main	verification/verus/fail/replay_matches.rs	600dd74d31c9659dfdaf698ebfbead344089650e3d4936e7fec9ef38be464a04
source	current-main	verification/verus/fail/reservation_decision.rs	0e89ce3212f0263b8cf17ef2a02b27445a3aa9f61aa21df3074501d4af9b2539
source	current-main	verification/verus/fail/reserve_admission_preserves_requirement.rs	db66069bb88df69f93758bc8e57e831bb0ec68cf6dfd7ef8e2ce17ae814e7565
source	current-main	verification/verus/fail/runtime_attestation_matches.rs	9276b3d8c4ce7d274c39488ed0cec9b6060e1e46aead3db8484c77f83e91d0b3
source	current-main	verification/verus/fail/scan_complete.rs	3b97474aa6b3ed81d6b708d135eba722bab2450dbba282330d39834413a90c60
source	current-main	verification/verus/fail/service_fee_change_allowed.rs	088e0c2a4893deaec7125d8aed0e45299d2df38b5834b2deb40d02a5a037d78c
source	current-main	verification/verus/fail/settlement_decision.rs	77cc959999b1c6abc740bd898726ff3f37be28846b8b761c2b345bbe8784d21f
source	current-main	verification/verus/fail/signature_install_allowed.rs	74e3172e1f5eb5294ebcb908b50bd9f8b29f6f140b3a092ba2aa2661c22f3527
source	current-main	verification/verus/fail/signing_cycle_requirement.rs	a2672654994f4ffb89e88f16d583d3165210b8d3fd2563434542dffe30241150
source	current-main	verification/verus/fail/transaction_liability_wei.rs	513439ca9b82e0930f6a37f90c2c6f900b2fb12875924768cabc775d802c14ca
source	current-main	verification/verus/fail/withdrawal_finalized_identity_quorum.rs	e26d6754d2c67507fe1b0d1d97caf7897954e84f3a244e6ebc62735b09e80a5b
source	current-main	verification/verus/fail/withdrawal_id_is_admissible.rs	ffd9e4c016d3baf2e5dc530a750bd4f95c302552c2dcf5f0be96ec2c28b9e778
source	current-main	verification/verus/fail/withdrawal_ledger_block_transition.rs	9231bb826a262ec8a0819b661f85ce37c6a7f9ec054f018295138ec7d2c89a64
source	current-main	verification/verus/fail/withdrawal_liability_indexed.rs	4c509e5183ad11bb8066e1d2cf08d5d893b8fca22702159b9156b6d3df21d8ce
source	current-main	verification/verus/fail/withdrawal_phase_allows.rs	3917527b0efa4685e4e1cb5eecd0e931a8cd031e30dc3764d5ca3f7a4135f1f3
source	current-main	verification/verus/fail/withdrawal_phase_run.rs	dccaffb6f91d3ec1f56510cbb8757be23149b1b69c26101ffdb41644b9d0796c
source	current-main	verification/verus/fail/withdrawal_phase_step.rs	1e44e7b2ba7987d8a63273dcdbb062abf5717b1a065495e90a6f52f3204ef1e3
source	current-main	verification/verus/fail/withdrawal_transition_effects.rs	2b7c4785c92b9786ce5aaed2f7c4412724eff7a92cae682d1bb4848b38614d37
source	current-main	verification/verus/manifest.tsv	c03c4b3caa49f58b9bd06ee4efd7ebb70cb67921e17f66016bc0885c9e9c60eb
source	current-main	verification/verus/pass.rs	9b3c0af8fca989e49f564a6346a94a1e6ef30b03844e3b0e798653d172fdc497
profile	security-hardening-v1	hardening	-
source	security-hardening-v1	contracts/test/halmos/BridgeMintCommitHalmos.t.sol	b0e3ba9c161ed91a2739ab339399481995268f23fa61420b3914ae50ea382ca2
source	security-hardening-v1	contracts/test/halmos/fail/MintCommitProcessedOmitted.t.sol	c1cb4212a3dda419625aa66932d58f1ef721f3966bd535fa24363942fdb9405d
source	security-hardening-v1	contracts/test/halmos/fail/MintCommitRollbackOmitted.t.sol	a9db22dc5ab422d953145c30bdc3872158409c9cac8c5577a7d76b66b3245113
source	security-hardening-v1	contracts/test/halmos/fail/MintCommitSupplyMismatch.t.sol	8c2c1e4725ffc155c0d8fa6311a2d5c496ab981b354f3db0575bf3e2bbdfd03e
source	security-hardening-v1	verification/README.md	85d6ba2eea114a1378c6b0d8e900dbd382af1b474fd9981f3cff2e19fb89bc78
source	security-hardening-v1	verification/assumptions.tsv	dc56c08752fcb913ea5d77f55485847f8e5db84df49272395b64c39d175dc3e2
source	security-hardening-v1	verification/audit-evidence.md	94e04fd44d252e0157f52b0ad094747a98d41840829fb8317750a11c724483eb
source	security-hardening-v1	verification/certora/README.md	2496590805f9ee0747f49217202eb7d69f02e6a3d00489717f90b9951826da6c
source	security-hardening-v1	verification/certora/confs/BSNS.conf	6618bd23c0059745a13dcfb753dbb3e0a9c4ea0f204a8fba8b739df2a5b5fdc0
source	security-hardening-v1	verification/certora/confs/Bridge.conf	d9659c3c517fe3d009570f693bd6173477dad29fb1d7205e7ac41a4fb2c29331
source	security-hardening-v1	verification/certora/confs/BridgeTimelockController.conf	0158716a2cf685a1057e099ac68d0901ff95849a829ab01e8a45830c147590ec
source	security-hardening-v1	verification/certora/obligations.tsv	d11632075ab07eacb3209013a3f9eab1467b7fe8a6e2fce797028eadb2ff9334
source	security-hardening-v1	verification/certora/pyproject.toml	0b9c05474c2e6ccb1beed148f710f4c3f3e563fafbf6e031cce4ca7b2f77ff85
source	security-hardening-v1	verification/certora/specs/BSNS.spec	aa3d8f7968f4a2ef43edd44231ee7259a03aed2563e35eaf816f648d7fd8402b
source	security-hardening-v1	verification/certora/specs/Bridge.spec	587c7ea29565867470b4a7cbc6d42979ff15bde5bbcfb92f48add980ef7bfcab
source	security-hardening-v1	verification/certora/specs/BridgeTimelockController.spec	d1b12c44c3037b464ece716105ba812b6297ad54e42590a5e517cf860b68774a
source	security-hardening-v1	verification/certora/uv.lock	1442047c7fb9fe242efb981e4bee6d452153a51aedcbc58195da957f47d02abe
source	security-hardening-v1	verification/claim-test-manifest.tsv	060baa72b7ce46174e32acb797da0c8b07093f3bea1a98eb2fd450fedf36dcca
source	security-hardening-v1	verification/claims.tsv	0244e2a7eb338f6878ad8ebe14bf2d32a31f8e9da46293109b6eff67f2d143ec
source	security-hardening-v1	verification/conditional-liveness.md	8825eb41cc3e3b356ed784d6cfba400a7e9585b519597275756005cdae7d6ce7
source	security-hardening-v1	verification/conditional-liveness.tsv	f8557ab14f1819cb6e6781c67232a54f596205ffc6cdd9c218766514d341ca64
source	security-hardening-v1	verification/generated/mint-authorization-vector.json	71b0ec23aa37b4402893c880dd64cac4bdebc495ffb2f02b61c10c9a0fd09592
source	security-hardening-v1	verification/generated/protocol-vectors.json	cc0fb231ccb7cffd0273f3b420562811e6a577c0f9437ae47066b93d12db5756
source	security-hardening-v1	verification/generated/refinement-harnesses.json	78a76cd1a995cf2261607ff857ccc042861c67342596831be13ca62fa0317961
source	security-hardening-v1	verification/halmos/failure-manifest.tsv	193964b5d31c32b8884444d42676e4281ca9fcbeaa4ca5b2bae103a994662325
source	security-hardening-v1	verification/halmos/obligations.tsv	0be21926988bc86fe8e50614a9242d3b8b9956a0916dabd35d4c73cbd1e29099
source	security-hardening-v1	verification/halmos/pyproject.toml	36c3588010864fc8f6c265b0a1b2930d4e472d84bfc24d02eff1559dac8bfe1d
source	security-hardening-v1	verification/halmos/uv.lock	6b8162dce6cad80da93826b735aee401ffba7b62ca8b10e0e314fbc30264cbfa
source	security-hardening-v1	verification/known-answer-manifest.tsv	17f3690f28d1952b6edac7c0ce0d8878d31ae032829da394fcce4f96d6e3fe09
source	security-hardening-v1	verification/lean/BridgeSpec/ClaimContracts.lean	5dc9d585f6dccd6aaf97990707bf5c04f9890133c1f4777e134fd661d38a237c
source	security-hardening-v1	verification/lean/BridgeSpec/Claims.lean	19430b83b69c81e4c24d2b6e4ddcbd6f93709dd9d4579748429556b3c9cee030
source	security-hardening-v1	verification/lean/BridgeSpec/ControlPlane.lean	57e6656b42d4da34726d8e69bfe129939d7649070923beddc9c5fdce8876936c
source	security-hardening-v1	verification/lean/BridgeSpec/DepositAuthorization.lean	c9812c8c45b15f97c76d98d45d7861ca6523779b7d92ce577d72c9a7554424c1
source	security-hardening-v1	verification/lean/BridgeSpec/FiniteWidthModel.lean	26f9b307ca809d5ddae58af410f1a41f182904d1c23905646a45ecce1b870b28
source	security-hardening-v1	verification/lean/BridgeSpec/GlobalHistory.lean	e835418273f4df7750b58bb272181ab6976098d6b7084c26c8819ce7002e3e0c
source	security-hardening-v1	verification/lean/BridgeSpec/LedgerBlockProvenance.lean	23421e6d692d4651eb98d658e501e918e185f36d378f72ed5115fbaf06ba69c4
source	security-hardening-v1	verification/lean/BridgeSpec/Liveness.lean	b3d1a386784e6578d2304ed6fcff9518a119fafda67e793475de0f5562a64a8f
source	security-hardening-v1	verification/lean/BridgeSpec/Model.lean	801d8725dc487593d528cc3c3d97ac2b3bf9b1395a10f5f5792b42aa589b7967
source	security-hardening-v1	verification/lean/BridgeSpec/ModelRefinement.lean	61a5bee972ffcf410cde4257c6b8e4590b8ca8d399a9d86d61e8c9576485d306
source	security-hardening-v1	verification/lean/BridgeSpec/Protocol.lean	17a8e05688e158fd1224e9ad3c7beb01ad4265ba36b291bda6a49bef510de741
source	security-hardening-v1	verification/lean/BridgeSpec/Theorems.lean	848b4f6361b2f097725a3ab084b9e7344d03c906030ca8ad004bb19095e6c4f4
source	security-hardening-v1	verification/lean/BridgeSpec/Vectors.lean	500ca5a5b76979466b3fecb594ebcead5f644452f8d4ec7d45f90fe685bfdbfd
source	security-hardening-v1	verification/lean/Main.lean	6963abbfba22d119fb6b7310b0dd390d3273ee17bfb9e0a54681d242f2641a11
source	security-hardening-v1	verification/lean/deposit-failure-manifest.tsv	9966d10d18150f2a8f3e72ff5d221651ace1d082e9652233c79c4d8bc343622e
source	security-hardening-v1	verification/lean/fail/AccountingDeltaViolation.lean	42c3cd975297018b3f37963910957eae30d8a5910b18aba483ee7e24a27151dd
source	security-hardening-v1	verification/lean/fail/AnonymousRefundRequest.lean	beae263600cfc9307feadae225b64983f34e11bfdfa04adae6316ec7a1869552
source	security-hardening-v1	verification/lean/fail/AuthorizationReissue.lean	19df2aa3867a25d5bc470ff8b064d4f7c5d943121c572b84c7f4f0b9b0fff6be
source	security-hardening-v1	verification/lean/fail/BackingViolation.lean	0ad4d6a1424518a8b8f9968310d0a88619133f86d4ce877fa7134a0f22b206d2
source	security-hardening-v1	verification/lean/fail/ConflictingFundingReplay.lean	fd5f6abf7f8812e64bf2cbf457991ca46fcea6cdcc71acd074a6b162317c7b96
source	security-hardening-v1	verification/lean/fail/DeadlineOverflow.lean	44a1f3f1e9c9546b3b35cc8ad5e76e652f6425d7aedaf5b0647f303c80ae9ec7
source	security-hardening-v1	verification/lean/fail/DestinationMutation.lean	a3992470b4340e01eb81291efe4172fb9b3269141e987beea8238f02fded0cae
source	security-hardening-v1	verification/lean/fail/DoubleDepositFeeTrace.lean	daa0327e85847d2435b85c11f9bfe1031a2f19e0a53249d66e24effa7fe43434
source	security-hardening-v1	verification/lean/fail/DoubleFee.lean	076049e9a5e13cd6c1e4ebab231ed452dffc9fcac994b7aa15bdd8645e304851
source	security-hardening-v1	verification/lean/fail/EvidencelessMint.lean	7d248eb1e8b57cfd2e9f2c3d3892e03b495934fbc920278146a056cca36b2c96
source	security-hardening-v1	verification/lean/fail/IncompleteAbsence.lean	22ed9af027b854b148ed57fd103aa4cf9707a4366943ce43b4276e3ca4cbad62
source	security-hardening-v1	verification/lean/fail/IncompleteExpiryAudit.lean	b4010319f19cbc7192adc8f92a6e88278592a24cf2d023de93b037c27f72174b
source	security-hardening-v1	verification/lean/fail/IncompleteMintAudit.lean	db49a793aa755310d12569bc9066ba997ed30bd0fc92e53615ff5fb79394bda1
source	security-hardening-v1	verification/lean/fail/InvalidExecutionStep.lean	a6b48a8e639af5578312a150535c1b778d45877f353b449eca9559558c156213
source	security-hardening-v1	verification/lean/fail/ManualActiveLeaseBypass.lean	05b63de3fa0532e200bdd0c2f8e75495f96b40683b11177827e16335ee5fa7a7
source	security-hardening-v1	verification/lean/fail/ManualClaimEconomicMutation.lean	9b60fdf900a577eea35aa64585347ed44b629cceae79b2dbbc0ede270ad7722d
source	security-hardening-v1	verification/lean/fail/MintFeeAlreadyCounted.lean	723521e3697cbe526ea02cbfab85c8765729b62b241f862d964f81009394833e
source	security-hardening-v1	verification/lean/fail/MissingUserLiveness.lean	285ee5520011c8603f7db684c1a6365bef69da98d9e38c6ed60a4f0b69bbe07e
source	security-hardening-v1	verification/lean/fail/ProcessedExpiryRefund.lean	a2412ad467b65611d640d698c109cb6305463b31d138c29fedab02940f927d18
source	security-hardening-v1	verification/lean/fail/RefundBeforeFunding.lean	47ac92b520aef0fc257bf1a3fa956af2ce6130b9bf676b56d8936e62c2bd56f0
source	security-hardening-v1	verification/lean/fail/StaleCrossRecordCallback.lean	22dc013ef440ee7341088666b13309141a4fd135931b167481741248a4720989
source	security-hardening-v1	verification/lean/fail/StaleLeaseCallback.lean	060d4a6c2845d57c76dc64427eca5be79f8444c0472b7191a2ffffe4f34c2dae
source	security-hardening-v1	verification/lean/fail/TerminalAuthorizationReopen.lean	c7ba272a6f81dfcd0c4333bd325bcea1f41c1ce618cd1a645cd3dddea5daa29f
source	security-hardening-v1	verification/lean/fail/TerminalDepositIndexed.lean	5a740f2449b4ebd506b9d3095378f2226f253b9fd4ec96442422a0adbcbd91d7
source	security-hardening-v1	verification/lean/fail/UnauthorizedConfirmationCaller.lean	ebb7016ca30fe6b8c28c6dc6533da01331be76d3cc479a886866213d52ce80d0
source	security-hardening-v1	verification/lean/fail/UnfairLiveness.lean	e346efb2083754bc8793d27a176243cc79c29f55a54eed0af4778e85faff6eca
source	security-hardening-v1	verification/lean/lake-manifest.json	c88f02fec826d480ea403330e1ee03635abf86e5dbedf305f7c0391d27713eb9
source	security-hardening-v1	verification/lean/lakefile.lean	ea0d55c075440c9541d28b7802430abfe5e99b6a2e5a0abb561b76963055950c
source	security-hardening-v1	verification/obligations.md	531c5abb5de1572d2644524a774b2f88894481c3fb782ff5f510a24b814d9f5d
source	security-hardening-v1	verification/proof-impact.tsv	ecfaeef2038ae4086f21d0109126b012cf9bb5bbeed55b66a727fd2bd4d24d5d
source	security-hardening-v1	verification/refinement-manifest.tsv	79545c4e4694494fa983665c7437ee955c4cb4bd4cf121ba67e7e27e500009ec
source	security-hardening-v1	verification/smt/fail/FeeBoundOmitted.sol	c457c514166135b91a6ef33c2c4ece9480571cb4c0d9a7a584342b9e73eac3b2
source	security-hardening-v1	verification/smt/fail/InclusiveDeadlineRejected.sol	bfb264ac66999fc57e58d8918a1c1177cc9d9b86cc348cdedd71c7f590d29dd6
source	security-hardening-v1	verification/smt/fail/MintLimitOmitted.sol	92c3ff1980499d468b46b44f42ef58728f51686ad58acf1ace2646b9d99bcc65
source	security-hardening-v1	verification/smt/fail/MissingEpochGuard.sol	cd239a7fc903d2e6102a49aea3cf8cf013f5314fc3ceed5b4c497ad10c36df77
source	security-hardening-v1	verification/smt/fail/NetAmountConstraintOmitted.sol	7b47734d3a4dc76b0d27679865ac3d75a179ac1f73116f358792b6d31b6e07a0
source	security-hardening-v1	verification/smt/fail/PausedMintAccepted.sol	4d03489d58f1d2b48c5001c6900b056f8a51b748453b04327f5acf5eb22be125
source	security-hardening-v1	verification/smt/fail/ProcessedDepositReplay.sol	25a89c3a71beaac14c1d4c1a0a832daa20cd27690e0516a820ad0b17cd751486
source	security-hardening-v1	verification/smt/fail/ProcessedUpdateOmitted.sol	cc98a77fc84f24a1a2b354096e01d9b6a5269a576de1bec38bcf4526c9ab10d3
source	security-hardening-v1	verification/smt/fail/SupplyEventMismatch.sol	45328a73211b80efcbdbd1f14a6b9e155777cd79b60904ff8f6179ec4f9817c5
source	security-hardening-v1	verification/smt/fail/U128BoundOmitted.sol	b3c39a3a276a3e5608db1d0f2204c4f70c30ba2f176ff6871c3683b071bfd898
source	security-hardening-v1	verification/smt/fail/UnboundedValue.sol	46162293dc9209979a055f25111887ed4e37f2f7859636c79c23a23502196d32
source	security-hardening-v1	verification/smt/fail/WindowBoundOmitted.sol	1eec572c032e760fadd3dc23596f4e89ac32f04eb62f33a0a3f42d0facd114a5
source	security-hardening-v1	verification/smt/failure-manifest.tsv	e1518636fc873f16eb8a16a454ae9436f8be4cd73a10a15015b9ab05e8a1c0ef
source	security-hardening-v1	verification/smt/foundry.toml	e3985e698117147451723e225e522006e72022afcd0026dfa9c9f2005abfae7d
source	security-hardening-v1	verification/smt/obligations.tsv	16f284c64bc90bc8cabf48a71a37a9ca72adbf57bd8908e3d4d5c2de2e2b1fd9
source	security-hardening-v1	verification/smt/pass/BoundedValue.sol	84fb49427baabca63399a793ed19e2f6232f2b23c7705350cb194bcca96b9384
source	security-hardening-v1	verification/smt/pass/BridgeAdministrationState.sol	5a521b9976d7e825d8981361dcf78a54b943307e7d7b9510f0b8acecbbae8f4b
source	security-hardening-v1	verification/smt/pass/MintAuthorizationState.sol	c12240adfa8c3867fd11796f0dc40c70c481c3d9c3237770f8731aa3ff125131
source	security-hardening-v1	verification/transition-manifest.tsv	0e7fe38e252c92bb8c461a23f8362843a7b7bdc6a78f93bb2a49b4149761dd78
source	security-hardening-v1	verification/verus/fail/activation_base_preflight_matches.rs	fe331cccac7a9d504307ce49e3bca8b3ce569b2384c96ece2c3c31c9be58a3bc
source	security-hardening-v1	verification/verus/fail/activation_postcondition_matches.rs	49134bc357bd5cf5f5f78a7dbaebcd26daf0ca420d345b74de8fc9e71637631f
source	security-hardening-v1	verification/verus/fail/administrator_authorized.rs	e829bd354a99750cae3b4d7853fe5e5551b3a57d51341154a80a5a3ddd40f6fe
source	security-hardening-v1	verification/verus/fail/audit_next.rs	7001a9747b69e91184eb75e5b42b645cf702f770ce9118881fdfb210ec90bd4f
source	security-hardening-v1	verification/verus/fail/authorization_commit_allowed.rs	3462f7a19d8ef380d9d2b9df209292c9221c8cad89f3673b16ac5e272989682a
source	security-hardening-v1	verification/verus/fail/canonical_probe_matches.rs	61c91b9e341db7f3c2fa0607a3d0b2e1802b2499a015b1054e1f26e180735a7b
source	security-hardening-v1	verification/verus/fail/checked_counter_transition.rs	3a5cc665698978d9c23dd71436c94e41ea7caf6e866a36d4afaf90901dc8c1a1
source	security-hardening-v1	verification/verus/fail/checked_requirement.rs	c7f02bb5d69572234af6d2d0118397fa7724856b78cc927ccd7c374a7431f528
source	security-hardening-v1	verification/verus/fail/committed_quote_matches.rs	3de4ec78f3420e899e63ab61e4bb71b7dce32eeba0609fdc97e203153a17f370
source	security-hardening-v1	verification/verus/fail/confirmation_caller_authorized.rs	9d0bccb6e7ae7557050cb1f8fdee6785169bd1e587ad779ed1e29e2abafc1fb4
source	security-hardening-v1	verification/verus/fail/confirmation_roles_distinct.rs	f7aab717f9ab96f86164172d0af13c7c4172767a5eb00b1392a813368ad315aa
source	security-hardening-v1	verification/verus/fail/counter_delta.rs	8f32c26a7ee406c6c65f8fede54c0f56cf838da203ccb1adf40a7bc3e6e8ad33
source	security-hardening-v1	verification/verus/fail/deposit_admission_decision.rs	aae4c6e854ce99f4ca1c924eed3d72baa3c02814f8de07e80c6bc1dd5b77ebc4
source	security-hardening-v1	verification/verus/fail/deposit_charge_service_fee.rs	7e43c8318d178271353c5bebbe8642bca96c1ba9a51c28f35e89c4b85255d9cf
source	security-hardening-v1	verification/verus/fail/deposit_identity_decision.rs	87d3380533c3045db47960cf5813fb9da0508bf2aaf9c8f7d5388df319fba952
source	security-hardening-v1	verification/verus/fail/deposit_ledger_block_transition.rs	ad37dcfb692493d83c61d792efefb65be31b863edc05670518fd14d8e9db06ba
source	security-hardening-v1	verification/verus/fail/deposit_nonterminal_indexed.rs	bccf98ebfc5034654ccaf7b869d68b9cc0ff435066aea840855aa2fadbc66917
source	security-hardening-v1	verification/verus/fail/deposit_numeric_effects.rs	73a697373ddde5c0303473d1e5dd17c0242743a63e07d0445bb7bb9fd1de6901
source	security-hardening-v1	verification/verus/fail/deposit_refund_amount.rs	f739017a47979d877fb29b8e79275c3b305ba78b7f55fb6c31964f7f5311919c
source	security-hardening-v1	verification/verus/fail/deposit_releases_reservation.rs	8dfc35f4d81ff9842de675c8428ab641936c6b65afbb5ac751ca0dcf1d22ff56
source	security-hardening-v1	verification/verus/fail/deposit_reservation_active.rs	2502e0130041310dd63c5b82783aed107a2b6c7f9c882d3d10941f04bf6c453a
source	security-hardening-v1	verification/verus/fail/deposit_transition.rs	23fb040e6bc9c90978408a415de74f8b19b1bcda3caaae96f2f6967f7368d1f8
source	security-hardening-v1	verification/verus/fail/deposit_transition_decision.rs	c07e663ac3fd7c673c48c897b1aeaf838a8aeb79323925980c103b0ab3a5f733
source	security-hardening-v1	verification/verus/fail/deposit_transition_effects.rs	565beb16cff07363e6ec7c916d003b0f2fabe4fe5a9929baabcd876a50d47fbf
source	security-hardening-v1	verification/verus/fail/evidence_matches.rs	11c755a8ce717206b5c9704ee2d434504986d1b180f1a9074320b7afde0fd218
source	security-hardening-v1	verification/verus/fail/expiry_refund_allowed.rs	79d0a071f372dd9b66c7f8f4dd8dd7558aed78b831f6ff267ef01fd98ee3d809
source	security-hardening-v1	verification/verus/fail/fee_recipient_rotation_decision.rs	b7a2c5f3b89aafdea9113e0bffe032be80a3db66f89e9ffd3f988d86e2091618
source	security-hardening-v1	verification/verus/fail/funding_attempt_decision.rs	78663d5fb23c39c7b4a85fbfa165f8316bb98de1aa2468beb842702069ab436e
source	security-hardening-v1	verification/verus/fail/funding_reconciliation_decision.rs	c0817cd467a15b1b996d7018bc3fda4d848d15a22b6fe1869c6fcd589e8ccb4b
source	security-hardening-v1	verification/verus/fail/hold_resolution_decision.rs	c7d6f0e1874510be1da8b858ba3e27066e6ed45d0e048f7cb18bb6c2aa77b49c
source	security-hardening-v1	verification/verus/fail/lease_generation_next.rs	4b07db59ca66438145cbcf5ba1df8081e4ff6581523beda9b0d08b4ec31255c3
source	security-hardening-v1	verification/verus/fail/lease_lane_claim_decision.rs	d3b3337b1c13006b73613d959edcdc85abf244c5aad6baba768eec87a07f0cbf
source	security-hardening-v1	verification/verus/fail/lease_outcome_decision.rs	f2499821d5c49c11af9c635e82d3c1010589aeb580f40bd47008d26fa9ff6e72
source	security-hardening-v1	verification/verus/fail/lease_outcome_is_current.rs	eaefd2150f9f83ef87825bb1712dd7bc66dfb367de280d4eb4d53af1267e9ee4
source	security-hardening-v1	verification/verus/fail/manual_claim_decision.rs	1ddaadc4ae27690eaa83550ce8cd281278fc7fae45804d24de86f59d8016ab8e
source	security-hardening-v1	verification/verus/fail/mint_admission_total.rs	e08bd5d2e25b8c978aa8129680b40d57f8bd1dfa7992c0161cb8ee7f122e2c2c
source	security-hardening-v1	verification/verus/fail/mint_finalization_allowed.rs	c78fef4b10564d2f09449677a13c19cc365b76e18f0af2d62f94b8f5b380c61b
source	security-hardening-v1	verification/verus/fail/next_attempt.rs	93213d282df19dc14e22cba52ce7a06db27fefe52cada59f05f90c3003ec9ba4
source	security-hardening-v1	verification/verus/fail/notification_admission_allowed.rs	aa291eaad2c67ec6918c967737d5195857955bb2863edf9f183ac338c6310c84
source	security-hardening-v1	verification/verus/fail/notification_failure_cooldown_active.rs	08c568c2477ac8cc4d16df8cff7b61ef704bb2a1237a650f868211728575e88e
source	security-hardening-v1	verification/verus/fail/notification_ingestion_allowed.rs	a3a42477b2abdfa02cb4f036f4b3247feca862cbd2f6eabcb0b5a7fd51679bab
source	security-hardening-v1	verification/verus/fail/outbound_settlement.rs	85bef1e6766a8fba42f5ac8225d2716bcbf3d191600cca3ec35004e757d800de
source	security-hardening-v1	verification/verus/fail/payout_allowed.rs	9f257995f72b98c3922a1008bce0d3104f7504f345a546637bbd728e4bd5711a
source	security-hardening-v1	verification/verus/fail/payout_debit.rs	a3689880034741e6875862d96d5a8d99f0732b957ab1b2431314ff2051713b54
source	security-hardening-v1	verification/verus/fail/payout_decision.rs	bcdefe93515fec7091a484e906045d3c596c73ffcb1da639b77b083bab68c004
source	security-hardening-v1	verification/verus/fail/reconciliation_hold_indexed.rs	6afe46e177936a23301357827d2c81b59b3ce8ff1e3bf17cc699117c8381b666
source	security-hardening-v1	verification/verus/fail/refresh_generation_next.rs	15a8a949cdb8f7d2986e9d08d3026f7e2fd74baa64a97d9df5a5375cae7e8b68
source	security-hardening-v1	verification/verus/fail/refresh_owner_matches.rs	fdae67f0364fd1b126d41d8689383cb6a5cc1f145455b0bc842c9b2fd6d9954d
source	security-hardening-v1	verification/verus/fail/refund_request_identity_decision.rs	f83b0b5b0044b0e95033f74a33574581221b37b1f65d568a8a874ac728c6596c
source	security-hardening-v1	verification/verus/fail/refund_start_allowed.rs	0c338787941fa13bac090496c3807d4202ce002d77bc0f11474b82a46ef6881b
source	security-hardening-v1	verification/verus/fail/release_transfer_matches.rs	1b1b8c421fafd2b757560fa2d48b4e4ad8a8f00f2de473e006cab541d82fbd6b
source	security-hardening-v1	verification/verus/fail/replay_matches.rs	600dd74d31c9659dfdaf698ebfbead344089650e3d4936e7fec9ef38be464a04
source	security-hardening-v1	verification/verus/fail/reservation_decision.rs	0e89ce3212f0263b8cf17ef2a02b27445a3aa9f61aa21df3074501d4af9b2539
source	security-hardening-v1	verification/verus/fail/reserve_admission_preserves_requirement.rs	db66069bb88df69f93758bc8e57e831bb0ec68cf6dfd7ef8e2ce17ae814e7565
source	security-hardening-v1	verification/verus/fail/runtime_attestation_matches.rs	9276b3d8c4ce7d274c39488ed0cec9b6060e1e46aead3db8484c77f83e91d0b3
source	security-hardening-v1	verification/verus/fail/scan_complete.rs	3b97474aa6b3ed81d6b708d135eba722bab2450dbba282330d39834413a90c60
source	security-hardening-v1	verification/verus/fail/service_fee_change_allowed.rs	3e5e2519ed047f8fcafff9fd3d95f2c63981ba187c9def97e88014ec9bf29128
source	security-hardening-v1	verification/verus/fail/settlement_decision.rs	77cc959999b1c6abc740bd898726ff3f37be28846b8b761c2b345bbe8784d21f
source	security-hardening-v1	verification/verus/fail/signature_install_allowed.rs	74e3172e1f5eb5294ebcb908b50bd9f8b29f6f140b3a092ba2aa2661c22f3527
source	security-hardening-v1	verification/verus/fail/signing_cycle_requirement.rs	a2672654994f4ffb89e88f16d583d3165210b8d3fd2563434542dffe30241150
source	security-hardening-v1	verification/verus/fail/transaction_liability_wei.rs	513439ca9b82e0930f6a37f90c2c6f900b2fb12875924768cabc775d802c14ca
source	security-hardening-v1	verification/verus/fail/withdrawal_finalized_checkpoint_quorum.rs	893e0a31fb11d182cff77002adec5018f59ded35f6b8d26dd35175fbb43e2b79
source	security-hardening-v1	verification/verus/fail/withdrawal_finalized_identity_quorum.rs	e26d6754d2c67507fe1b0d1d97caf7897954e84f3a244e6ebc62735b09e80a5b
source	security-hardening-v1	verification/verus/fail/withdrawal_id_is_admissible.rs	ffd9e4c016d3baf2e5dc530a750bd4f95c302552c2dcf5f0be96ec2c28b9e778
source	security-hardening-v1	verification/verus/fail/withdrawal_ledger_block_transition.rs	9231bb826a262ec8a0819b661f85ce37c6a7f9ec054f018295138ec7d2c89a64
source	security-hardening-v1	verification/verus/fail/withdrawal_liability_indexed.rs	4c509e5183ad11bb8066e1d2cf08d5d893b8fca22702159b9156b6d3df21d8ce
source	security-hardening-v1	verification/verus/fail/withdrawal_phase_allows.rs	3917527b0efa4685e4e1cb5eecd0e931a8cd031e30dc3764d5ca3f7a4135f1f3
source	security-hardening-v1	verification/verus/fail/withdrawal_phase_run.rs	dccaffb6f91d3ec1f56510cbb8757be23149b1b69c26101ffdb41644b9d0796c
source	security-hardening-v1	verification/verus/fail/withdrawal_phase_step.rs	1e44e7b2ba7987d8a63273dcdbb062abf5717b1a065495e90a6f52f3204ef1e3
source	security-hardening-v1	verification/verus/fail/withdrawal_transition_effects.rs	2b7c4785c92b9786ce5aaed2f7c4412724eff7a92cae682d1bb4848b38614d37
source	security-hardening-v1	verification/verus/manifest.tsv	b328109990bcf36473e91a1781bfe49005d041e2d8b776900efc1efad032c6e1
source	security-hardening-v1	verification/verus/pass.rs	a7d85d5982b90719eb844368bec90b5665529a59569fcc7aeaea7f84e27664f0
